smiles,logP,qed,SAS,iupac,selfies,MolWt,LogP,TPSA,NumHDonors,NumHAcceptors,NumRotatableBonds
C=CCc1ccccc1OC(C)=O,2.3404,0.401613492087,1.9437243653934413,(2-prop-2-enylphenyl) acetate,[C][=C][C][C][=C][C][=C][C][=C][Ring1][=Branch1][O][C][Branch1][C][C][=O],176.21499999999995,2.3404,26.3,0,2,3
C[C@@H](c1nccs1)N(C)C(=O)c1cccc(NC(=O)C2CCCC2)c1,4.105,0.843003143785,2.639229713379857,"3-(cyclopentanecarbonylamino)-N-methyl-N-[(1S)-1-(1,3-thiazol-2-yl)ethyl]benzamide",[C][C@@H1][Branch1][Branch2][C][=N][C][=C][S][Ring1][Branch1][N][Branch1][C][C][C][=Branch1][C][=O][C][=C][C][=C][C][Branch1][=N][N][C][=Branch1][C][=O][C][C][C][C][C][Ring1][Branch1][=C][Ring1][=C],357.4790000000002,4.105000000000003,62.300000000000004,1,4,5
CC[C@H](COC)NC(=O)c1cc2c(C)nn(-c3ccccc3)c2s1,3.5502199999999995,0.726807540167,2.7375010332804184,"N-[(2R)-1-methoxybutan-2-yl]-3-methyl-1-phenylthieno[3,2-d]pyrazole-5-carboxamide",[C][C][C@H1][Branch1][Ring2][C][O][C][N][C][=Branch1][C][=O][C][=C][C][C][Branch1][C][C][=N][N][Branch1][=Branch2][C][=C][C][=C][C][=C][Ring1][=Branch1][C][=Ring1][N][S][Ring1][#C],343.45200000000006,3.550220000000002,56.15,1,5,6
Cc1cc(NC(=O)N2CCC[C@@H]2Cc2ccccc2Cl)no1,3.87542,0.903595259914,2.6770703841500723,"(2R)-2-[(2-chlorophenyl)methyl]-N-(5-methyl-1,2-oxazol-3-yl)pyrrolidine-1-carboxamide",[C][C][=C][C][Branch2][Ring1][#Branch1][N][C][=Branch1][C][=O][N][C][C][C][C@@H1][Ring1][Branch1][C][C][=C][C][=C][C][=C][Ring1][=Branch1][Cl][=N][O][Ring2][Ring1][Branch1],319.79200000000003,3.8754200000000028,58.370000000000005,1,3,3
Cc1cc(CN(C)c2ccc(S(=O)(=O)N3CCOCC3)cc2[N+](=O)[O-])no1,1.54852,0.5377505909120001,2.5193973464534056,"N-methyl-N-[(5-methyl-1,2-oxazol-3-yl)methyl]-4-morpholin-4-ylsulfonyl-2-nitroaniline",[C][C][=C][C][Branch2][Ring2][Ring2][C][N][Branch1][C][C][C][=C][C][=C][Branch1][S][S][=Branch1][C][=O][=Branch1][C][=O][N][C][C][O][C][C][Ring1][=Branch1][C][=C][Ring1][#C][N+1][=Branch1][C][=O][O-1][=N][O][Ring2][Ring1][#Branch2],396.4250000000002,1.54852,119.02000000000001,0,8,6
CCNS(=O)(=O)c1ccc(Cl)c(N)c1,1.2204,0.782181756368,1.983397841409392,3-amino-4-chloro-N-ethylbenzenesulfonamide,[C][C][N][S][=Branch1][C][=O][=Branch1][C][=O][C][=C][C][=C][Branch1][C][Cl][C][Branch1][C][N][=C][Ring1][Branch2],234.708,1.2204,72.19,2,3,3
CN(C)C(=O)N(Cc1ccc(OS(=O)(=O)c2ccc(F)cc2)cc1)C1CC1,3.2394,0.69688253392,2.274320348532408,[4-[[cyclopropyl(dimethylcarbamoyl)amino]methyl]phenyl] 4-fluorobenzenesulfonate,[C][N][Branch1][C][C][C][=Branch1][C][=O][N][Branch2][Ring1][S][C][C][=C][C][=C][Branch2][Ring1][Ring2][O][S][=Branch1][C][=O][=Branch1][C][=O][C][=C][C][=C][Branch1][C][F][C][=C][Ring1][#Branch1][C][=C][Ring1][P][C][C][C][Ring1][Ring1],392.4520000000001,3.2394000000000025,66.92,0,4,6
COc1ccc(-c2nnc(S[C@H]3CCOC3=O)n2-c2ccccc2)cc1,3.3505,0.632479233156,2.6520627223263378,"(3S)-3-[[5-(4-methoxyphenyl)-4-phenyl-1,2,4-triazol-3-yl]sulfanyl]oxolan-2-one",[C][O][C][=C][C][=C][Branch2][Ring1][O][C][=N][N][=C][Branch1][#Branch2][S][C@H1][C][C][O][C][Ring1][Branch1][=O][N][Ring1][N][C][=C][C][=C][C][=C][Ring1][=Branch1][C][=C][Ring2][Ring1][Branch2],367.43,3.350500000000002,66.24000000000001,0,7,5
CC(C)n1nc(CC(=O)Nc2cccc3c2ccn3C(C)C)c2ccccc2c1=O,4.6942,0.502968186474,2.4934976591118168,2-(4-oxo-3-propan-2-ylphthalazin-1-yl)-N-(1-propan-2-ylindol-4-yl)acetamide,[C][C][Branch1][C][C][N][N][=C][Branch2][Ring1][=Branch2][C][C][=Branch1][C][=O][N][C][=C][C][=C][C][=C][Ring1][=Branch1][C][=C][N][Ring1][Branch1][C][Branch1][C][C][C][C][=C][C][=C][C][=C][Ring1][=Branch1][C][Ring2][Ring1][#Branch2][=O],402.49800000000016,4.694200000000004,68.92,1,5,5
CC(C)(C)Oc1cccc(-c2cc(=O)n3nccc3[nH]2)c1,2.8669,0.780426187594,2.775157049376107,"5-[3-[(2-methylpropan-2-yl)oxy]phenyl]-1H-pyrazolo[1,5-a]pyrimidin-7-one",[C][C][Branch1][C][C][Branch1][C][C][O][C][=C][C][=C][C][Branch1][P][C][=C][C][=Branch1][C][=O][N][N][=C][C][=C][Ring1][Branch1][NH1][Ring1][#Branch2][=C][Ring1][S],283.33099999999996,2.866900000000001,59.39,1,4,2
O=S(=O)(Nc1ncn(Cc2ccc(Cl)c(Cl)c2)n1)c1ccc(Cl)cc1,4.0874,0.652908620292,2.162807719693125,"4-chloro-N-[1-[(3,4-dichlorophenyl)methyl]-1,2,4-triazol-3-yl]benzenesulfonamide",[O][=S][=Branch1][C][=O][Branch2][Ring1][#Branch2][N][C][N][=C][N][Branch1][S][C][C][=C][C][=C][Branch1][C][Cl][C][Branch1][C][Cl][=C][Ring1][Branch2][N][=Ring1][=C][C][=C][C][=C][Branch1][C][Cl][C][=C][Ring1][#Branch1],417.70500000000004,4.087400000000002,76.88,1,5,5
O=Cc1ccc(-c2ccc(Cl)c(Br)c2)s1,4.6435,0.7056244405959999,2.4102737781445764,5-(3-bromo-4-chlorophenyl)thiophene-2-carbaldehyde,[O][=C][C][=C][C][=C][Branch1][#C][C][=C][C][=C][Branch1][C][Cl][C][Branch1][C][Br][=C][Ring1][Branch2][S][Ring1][=N],301.592,4.643500000000001,17.07,0,2,2
COCc1c(C(=O)N(C)C[C@@H]2CCC[NH+](C)C2)cnn1-c1ncc(C)c(-c2cccs2)n1,1.84232,0.592273234992,4.3279690249240925,5-(methoxymethyl)-N-methyl-N-[[(3S)-1-methylpiperidin-1-ium-3-yl]methyl]-1-(5-methyl-4-thiophen-2-ylpyrimidin-2-yl)pyrazole-4-carboxamide,[C][O][C][C][=C][Branch2][Ring1][Branch1][C][=Branch1][C][=O][N][Branch1][C][C][C][C@@H1][C][C][C][NH1+1][Branch1][C][C][C][Ring1][#Branch1][C][=N][N][Ring1][P][C][=N][C][=C][Branch1][C][C][C][Branch1][Branch2][C][=C][C][=C][S][Ring1][Branch1][=N][Ring1][N],455.6080000000001,1.8423200000000004,77.58,1,7,7
Cc1ccccc1Cn1c(=O)c2c(nc3n(CCO)c(C)cn23)n(C)c1=O,0.80684,0.58761094987,2.598704423376484,"6-(2-hydroxyethyl)-4,7-dimethyl-2-[(2-methylphenyl)methyl]purino[7,8-a]imidazole-1,3-dione",[C][C][=C][C][=C][C][=C][Ring1][=Branch1][C][N][C][=Branch1][C][=O][C][=C][Branch2][Ring1][Ring1][N][=C][N][Branch1][Ring2][C][C][O][C][Branch1][C][C][=C][N][Ring1][N][Ring1][=Branch2][N][Branch1][C][C][C][Ring2][Ring1][C][=O],367.4090000000001,0.80684,86.45999999999998,1,8,4
CC(C)Cc1ccc([C@@H](C)C(=O)N[C@H](C(=O)[O-])C(C)C)cc1,1.8793,0.841219214376,3.153839789451117,(2S)-3-methyl-2-[[(2R)-2-[4-(2-methylpropyl)phenyl]propanoyl]amino]butanoate,[C][C][Branch1][C][C][C][C][=C][C][=C][Branch2][Ring1][#Branch1][C@@H1][Branch1][C][C][C][=Branch1][C][=O][N][C@H1][Branch1][=Branch1][C][=Branch1][C][=O][O-1][C][Branch1][C][C][C][C][=C][Ring2][Ring1][C],304.41,1.879299999999999,69.23,1,3,7
COc1cccc(C(=O)NC2CCN(C(=S)Nc3cc(C)ccc3C)CC2)c1,3.90324,0.741285371514,2.039491478450394,"N-[1-[(2,5-dimethylphenyl)carbamothioyl]piperidin-4-yl]-3-methoxybenzamide",[C][O][C][=C][C][=C][C][Branch2][Ring2][C][C][=Branch1][C][=O][N][C][C][C][N][Branch2][Ring1][C][C][=Branch1][C][=S][N][C][=C][C][Branch1][C][C][=C][C][=C][Ring1][#Branch1][C][C][C][Ring1][P][=C][Ring2][Ring1][#Branch2],397.5440000000002,3.903240000000003,53.6,2,3,4
Cc1ccc(NC(=O)[C@H]2CCCN(S(=O)(=O)c3ccccc3)C2)c(OCc2ccccc2)c1,4.61342,0.5294251811399999,2.44980176813934,(3S)-1-(benzenesulfonyl)-N-(4-methyl-2-phenylmethoxyphenyl)piperidine-3-carboxamide,[C][C][=C][C][=C][Branch2][Ring1][#C][N][C][=Branch1][C][=O][C@H1][C][C][C][N][Branch1][S][S][=Branch1][C][=O][=Branch1][C][=O][C][=C][C][=C][C][=C][Ring1][=Branch1][C][Ring1][#C][C][Branch1][O][O][C][C][=C][C][=C][C][=C][Ring1][=Branch1][=C][Ring2][Ring1][S],464.58700000000016,4.613420000000004,75.71000000000001,1,4,7
Cc1ccc(C(=O)Nc2ccc(N3CCCC3=O)cc2)cc1[N+](=O)[O-],3.28232,0.67160956835,1.9375189284843333,4-methyl-3-nitro-N-[4-(2-oxopyrrolidin-1-yl)phenyl]benzamide,[C][C][=C][C][=C][Branch2][Ring1][Branch2][C][=Branch1][C][=O][N][C][=C][C][=C][Branch1][=Branch2][N][C][C][C][C][Ring1][Branch1][=O][C][=C][Ring1][N][C][=C][Ring2][Ring1][Branch1][N+1][=Branch1][C][=O][O-1],339.35100000000006,3.282320000000002,92.55000000000001,1,4,4
CC1(C)C[C@@H]2C[C@@](C)(CN2c2ncnc(NNC(=O)c3ccncc3)c2N)C1,2.6157,0.696413449368,4.249638361043111,"N'-[5-amino-6-[(1S,5R)-1,3,3-trimethyl-6-azabicyclo[3.2.1]octan-6-yl]pyrimidin-4-yl]pyridine-4-carbohydrazide",[C][C][Branch1][C][C][C][C@@H1][C][C@@][Branch1][C][C][Branch2][Ring1][=C][C][N][Ring1][=Branch1][C][=N][C][=N][C][Branch1][#C][N][N][C][=Branch1][C][=O][C][=C][C][=N][C][=C][Ring1][=Branch1][=C][Ring1][S][N][C][Ring2][Ring1][O],381.48400000000015,2.6157000000000004,109.06,3,7,4
O=S(=O)(c1ccc(S(=O)(=O)N2CCC[NH+](Cc3ccc(F)cc3)CC2)cc1)N1CCCC1,1.0897,0.67758379973,3.4747750415486003,"1-[(4-fluorophenyl)methyl]-4-(4-pyrrolidin-1-ylsulfonylphenyl)sulfonyl-1,4-diazepan-1-ium",[O][=S][=Branch1][C][=O][Branch2][Ring2][O][C][=C][C][=C][Branch2][Ring1][#C][S][=Branch1][C][=O][=Branch1][C][=O][N][C][C][C][NH1+1][Branch1][=N][C][C][=C][C][=C][Branch1][C][F][C][=C][Ring1][#Branch1][C][C][Ring1][#C][C][=C][Ring2][Ring1][Branch2][N][C][C][C][C][Ring1][Branch1],482.62300000000033,1.0897000000000014,79.19999999999999,1,4,6
O=c1c2cc(Cl)c(Br)cc2ncn1C[C@@H](O)CNc1ccc(Cl)cc1,3.9388,0.6062609498179999,2.824481779623474,7-bromo-6-chloro-3-[(2S)-3-(4-chloroanilino)-2-hydroxypropyl]quinazolin-4-one,[O][=C][C][=C][C][Branch1][C][Cl][=C][Branch1][C][Br][C][=C][Ring1][Branch2][N][=C][N][Ring1][N][C][C@@H1][Branch1][C][O][C][N][C][=C][C][=C][Branch1][C][Cl][C][=C][Ring1][#Branch1],443.12800000000016,3.9388000000000014,67.15,2,5,5
CC[C@H](C)n1cnc2sc(C(C)=O)c(C)c2c1=O,2.94002,0.793555135369,2.949713689218965,"6-acetyl-3-[(2S)-butan-2-yl]-5-methylthieno[2,3-d]pyrimidin-4-one",[C][C][C@H1][Branch1][C][C][N][C][=N][C][S][C][Branch1][=Branch1][C][Branch1][C][C][=O][=C][Branch1][C][C][C][=Ring1][=Branch2][C][Ring1][=N][=O],264.34999999999997,2.9400200000000014,51.96,0,5,3
O=C(Cn1cnc(S(=O)(=O)N2CCCC2)c1)Nc1cccc2c1CCCC2,2.1851,0.8535177584379999,2.476259689648672,"2-(4-pyrrolidin-1-ylsulfonylimidazol-1-yl)-N-(5,6,7,8-tetrahydronaphthalen-1-yl)acetamide",[O][=C][Branch2][Ring1][=Branch2][C][N][C][=N][C][Branch1][#C][S][=Branch1][C][=O][=Branch1][C][=O][N][C][C][C][C][Ring1][Branch1][=C][Ring1][=N][N][C][=C][C][=C][C][=C][Ring1][=Branch1][C][C][C][C][Ring1][=Branch1],388.49300000000017,2.1851000000000003,84.3,1,5,5
C[NH+]1CCN(Cc2ccc(OC3CCCC3)cc2)C[C@@H]1CCO,1.0893,0.835062051012,3.900491590645376,2-[(2S)-4-[(4-cyclopentyloxyphenyl)methyl]-1-methylpiperazin-1-ium-2-yl]ethanol,[C][NH1+1][C][C][N][Branch2][Ring1][Ring2][C][C][=C][C][=C][Branch1][=Branch2][O][C][C][C][C][C][Ring1][Branch1][C][=C][Ring1][N][C][C@@H1][Ring2][Ring1][Ring1][C][C][O],319.46900000000005,1.0892999999999997,37.14,2,3,6
N#C/C(=C\c1cc(Br)cs1)C(=O)Nc1cc2c(cc1[N+](=O)[O-])OCCO2,3.73568,0.328426222829,2.7728117866185613,"(E)-3-(4-bromothiophen-2-yl)-2-cyano-N-(6-nitro-2,3-dihydro-1,4-benzodioxin-7-yl)prop-2-enamide",[N][#C][/C][=Branch1][N][=C][\C][=C][C][Branch1][C][Br][=C][S][Ring1][=Branch1][C][=Branch1][C][=O][N][C][=C][C][=C][Branch1][#Branch2][C][=C][Ring1][=Branch1][N+1][=Branch1][C][=O][O-1][O][C][C][O][Ring1][O],436.2430000000003,3.735680000000001,114.49000000000001,1,7,4
COC(=O)c1ccc(-c2ccc(/C=N\Nc3ccc([N+](=O)[O-])cn3)o2)cc1,3.4824,0.299995248671,2.349242645154704,methyl 4-[5-[(Z)-[(5-nitro-2-pyridinyl)hydrazinylidene]methyl]furan-2-yl]benzoate,[C][O][C][=Branch1][C][=O][C][=C][C][=C][Branch2][Ring1][=N][C][=C][C][=C][Branch2][Ring1][Ring1][/C][=N][\N][C][=C][C][=C][Branch1][=Branch1][N+1][=Branch1][C][=O][O-1][C][=N][Ring1][=Branch2][O][Ring1][P][C][=C][Ring2][Ring1][#Branch1],366.3330000000001,3.482400000000002,119.86,1,8,6
C[C@@H](NC(=O)[C@@H]1CSCN1C(=O)CC(C)(C)C)c1ccccn1,2.5965,0.916101617078,3.2665076641241337,"(4R)-3-(3,3-dimethylbutanoyl)-N-[(1R)-1-pyridin-2-ylethyl]-1,3-thiazolidine-4-carboxamide",[C][C@@H1][Branch2][Ring1][#Branch2][N][C][=Branch1][C][=O][C@@H1][C][S][C][N][Ring1][Branch1][C][=Branch1][C][=O][C][C][Branch1][C][C][Branch1][C][C][C][C][=C][C][=C][C][=N][Ring1][=Branch1],335.47299999999996,2.5965000000000007,62.300000000000004,1,4,4
Cc1ccc([C@H]2CC(=O)Nc3c2cnn3-c2ccc(C)cc2)cc1,3.96324,0.7505891202959999,2.823690389959543,"(4R)-1,4-bis(4-methylphenyl)-5,7-dihydro-4H-pyrazolo[5,4-b]pyridin-6-one",[C][C][=C][C][=C][Branch2][Ring1][N][C@H1][C][C][=Branch1][C][=O][N][C][=C][Ring1][#Branch1][C][=N][N][Ring1][Branch1][C][=C][C][=C][Branch1][C][C][C][=C][Ring1][#Branch1][C][=C][Ring2][Ring1][#Branch1],317.39200000000005,3.9632400000000025,46.92,1,3,2
C[NH+](CCOc1ccccc1)CC(=O)N1CCN(S(C)(=O)=O)CC1,-1.3161,0.6953126990549999,3.409752407630388,methyl-[2-(4-methylsulfonylpiperazin-1-yl)-2-oxoethyl]-(2-phenoxyethyl)azanium,[C][NH1+1][Branch1][N][C][C][O][C][=C][C][=C][C][=C][Ring1][=Branch1][C][C][=Branch1][C][=O][N][C][C][N][Branch1][=Branch2][S][Branch1][C][C][=Branch1][C][=O][=O][C][C][Ring1][#Branch2],356.4680000000001,-1.3160999999999956,71.36000000000001,1,4,7
N#Cc1ccccc1CSc1nnnn1-c1ccc(O)cc1,2.53188,0.743881096927,2.185574559109833,2-[[1-(4-hydroxyphenyl)tetrazol-5-yl]sulfanylmethyl]benzonitrile,[N][#C][C][=C][C][=C][C][=C][Ring1][=Branch1][C][S][C][=N][N][=N][N][Ring1][Branch1][C][=C][C][=C][Branch1][C][O][C][=C][Ring1][#Branch1],309.35400000000004,2.53188,87.62,1,7,4
C[C@H]1C=[N+]2C(=N)/C(=C/c3ccc(OC(=O)c4ccc(F)cc4)c(Br)c3)C(=O)N=C2S1,4.28287,0.290947616447,3.56981721354766,"[2-bromo-4-[(Z)-[(2S)-5-imino-2-methyl-7-oxo-2H-[1,3]thiazolo[3,2-a]pyrimidin-4-ium-6-ylidene]methyl]phenyl] 4-fluorobenzoate",[C][C@H1][C][=N+1][C][=Branch1][C][=N][/C][=Branch2][Ring1][#C][=C][/C][=C][C][=C][Branch1][P][O][C][=Branch1][C][=O][C][=C][C][=C][Branch1][C][F][C][=C][Ring1][#Branch1][C][Branch1][C][Br][=C][Ring1][P][C][=Branch1][C][=O][N][=C][Ring2][Ring1][#Branch2][S][Ring2][Ring1][=N],487.3300000000001,4.282870000000003,82.59,1,5,3
Cc1cc(C)c2c(CNC(=O)c3ccccc3Br)cc(=O)oc2c1,4.10234,0.663930681586,2.163697557147307,"2-bromo-N-[(5,7-dimethyl-2-oxochromen-4-yl)methyl]benzamide",[C][C][=C][C][Branch1][C][C][=C][C][Branch1][S][C][N][C][=Branch1][C][=O][C][=C][C][=C][C][=C][Ring1][=Branch1][Br][=C][C][=Branch1][C][=O][O][C][Ring2][Ring1][C][=C][Ring2][Ring1][#Branch1],386.2450000000001,4.102340000000003,59.31,1,3,3
COc1cc(C(=O)N(C)Cc2ccc(Cl)s2)ccc1OCc1cscn1,4.7178,0.5421870058380001,2.385646745180916,"N-[(5-chlorothiophen-2-yl)methyl]-3-methoxy-N-methyl-4-(1,3-thiazol-4-ylmethoxy)benzamide",[C][O][C][=C][C][Branch2][Ring1][Ring2][C][=Branch1][C][=O][N][Branch1][C][C][C][C][=C][C][=C][Branch1][C][Cl][S][Ring1][=Branch1][=C][C][=C][Ring1][P][O][C][C][=C][S][C][=N][Ring1][Branch1],408.93200000000013,4.717800000000003,51.66,0,6,7
COc1ccc([C@@H]2Oc3ccc(C)cc3C3=Nc4ncnn4[C@@H](c4cccs4)[C@@H]32)cc1OC,5.13892,0.407023587124,3.6977534372368366,"(9R,10S,11R)-9-(3,4-dimethoxyphenyl)-4-methyl-11-thiophen-2-yl-8-oxa-12,13,15,17-tetrazatetracyclo[8.7.0.02,7.012,16]heptadeca-1(17),2(7),3,5,13,15-hexaene",[C][O][C][=C][C][=C][Branch2][Ring2][#Branch1][C@@H1][O][C][=C][C][=C][Branch1][C][C][C][=C][Ring1][#Branch1][C][=N][C][=N][C][=N][N][Ring1][Branch1][C@@H1][Branch1][Branch2][C][=C][C][=C][S][Ring1][Branch1][C@@H1][Ring1][=C][Ring2][Ring1][#Branch1][C][=C][Ring2][Ring1][=N][O][C],458.5430000000001,5.138920000000004,70.76,0,8,4
CCCCN(CC)C(=O)CNC(=O)c1ccc2c(c1)OCO2,1.7937,0.8397056940880001,2.0808427120254667,"N-[2-[butyl(ethyl)amino]-2-oxoethyl]-1,3-benzodioxole-5-carboxamide",[C][C][C][C][N][Branch1][Ring1][C][C][C][=Branch1][C][=O][C][N][C][=Branch1][C][=O][C][=C][C][=C][C][=Branch1][Ring2][=C][Ring1][=Branch1][O][C][O][Ring1][=Branch1],306.3620000000001,1.7936999999999996,67.87,1,4,7
CCc1cc(N2CCC(CC(=O)NC)CC2)n2nc(C)c(C)c2n1,2.26104,0.936491426783,2.7007113344148177,"2-[1-(5-ethyl-2,3-dimethylpyrazolo[1,5-a]pyrimidin-7-yl)piperidin-4-yl]-N-methylacetamide",[C][C][C][C][=C][Branch2][Ring1][C][N][C][C][C][Branch1][Branch2][C][C][=Branch1][C][=O][N][C][C][C][Ring1][O][N][N][=C][Branch1][C][C][C][Branch1][C][C][=C][Ring1][#Branch1][N][=Ring2][Ring1][=Branch1],329.4480000000001,2.2610400000000004,62.53,1,5,4
CC(=O)c1sc(NN=Cc2ccccc2O)nc1C,2.80572,0.50765526442,2.3738701336551404,"1-[2-[2-[(2-hydroxyphenyl)methylidene]hydrazinyl]-4-methyl-1,3-thiazol-5-yl]ethanone",[C][C][=Branch1][C][=O][C][S][C][Branch1][=N][N][N][=C][C][=C][C][=C][C][=C][Ring1][=Branch1][O][=N][C][=Ring1][#C][C],275.333,2.805720000000001,74.58,2,6,4
CC(=O)Nc1ccc(C(C)=O)cc1OCc1ccc(Br)cc1,4.1891,0.779971588145,1.7957215917390883,N-[4-acetyl-2-[(4-bromophenyl)methoxy]phenyl]acetamide,[C][C][=Branch1][C][=O][N][C][=C][C][=C][Branch1][=Branch1][C][Branch1][C][C][=O][C][=C][Ring1][=Branch2][O][C][C][=C][C][=C][Branch1][C][Br][C][=C][Ring1][#Branch1],362.22299999999996,4.1891000000000025,55.400000000000006,1,3,5
CC[C@H](NC(=O)NCC(=O)NCc1ccco1)c1ccc(Cl)cc1,2.9997,0.7106972627339999,2.5194180016062084,2-[[(1S)-1-(4-chlorophenyl)propyl]carbamoylamino]-N-(furan-2-ylmethyl)acetamide,[C][C][C@H1][Branch2][Ring1][Branch1][N][C][=Branch1][C][=O][N][C][C][=Branch1][C][=O][N][C][C][=C][C][=C][O][Ring1][Branch1][C][=C][C][=C][Branch1][C][Cl][C][=C][Ring1][#Branch1],349.818,2.9997000000000016,83.37,3,3,7
Cc1cc(C)c(-c2ccc([C@H](O)CN3CCOCC3)cc2)c(C)c1,3.64446,0.906822095189,2.523195150927476,"(1S)-2-morpholin-4-yl-1-[4-(2,4,6-trimethylphenyl)phenyl]ethanol",[C][C][=C][C][Branch1][C][C][=C][Branch2][Ring1][Branch2][C][=C][C][=C][Branch1][=C][C@H1][Branch1][C][O][C][N][C][C][O][C][C][Ring1][=Branch1][C][=C][Ring1][#C][C][Branch1][C][C][=C][Ring2][Ring1][#Branch1],325.45200000000006,3.6444600000000023,32.7,1,3,4
Cc1ccc(OCC(=O)Oc2ccc(C(=O)Nc3ccccc3)cc2)cc1,4.23172,0.505885819062,1.652491642311395,[4-(phenylcarbamoyl)phenyl] 2-(4-methylphenoxy)acetate,[C][C][=C][C][=C][Branch2][Ring1][#C][O][C][C][=Branch1][C][=O][O][C][=C][C][=C][Branch1][=C][C][=Branch1][C][=O][N][C][=C][C][=C][C][=C][Ring1][=Branch1][C][=C][Ring1][#C][C][=C][Ring2][Ring1][#Branch2],361.39700000000005,4.231720000000003,64.63,1,4,6
Cc1ccc(C)c(S(=O)(=O)NC[C@H]2COc3ccccc3O2)c1,2.42174,0.933163791691,2.556693258094376,"N-[[(3S)-2,3-dihydro-1,4-benzodioxin-3-yl]methyl]-2,5-dimethylbenzenesulfonamide",[C][C][=C][C][=C][Branch1][C][C][C][Branch2][Ring1][Branch2][S][=Branch1][C][=O][=Branch1][C][=O][N][C][C@H1][C][O][C][=C][C][=C][C][=C][Ring1][=Branch1][O][Ring1][#Branch2][=C][Ring2][Ring1][=Branch1],333.40900000000005,2.4217400000000007,64.63000000000001,1,4,4
O=C(NC[C@H](O)c1ccc(F)cc1)c1ccc(N2CCCC2=O)cc1,2.4159,0.876746220902,2.3865413060125764,N-[(2R)-2-(4-fluorophenyl)-2-hydroxyethyl]-4-(2-oxopyrrolidin-1-yl)benzamide,[O][=C][Branch2][Ring1][C][N][C][C@H1][Branch1][C][O][C][=C][C][=C][Branch1][C][F][C][=C][Ring1][#Branch1][C][=C][C][=C][Branch1][=Branch2][N][C][C][C][C][Ring1][Branch1][=O][C][=C][Ring1][N],342.3700000000002,2.4159000000000006,69.64,2,3,5
O=C([O-])c1cccnc1-c1ccccn1,0.5071,0.720409872482,2.502948861201056,2-pyridin-2-ylpyridine-3-carboxylate,[O][=C][Branch1][C][O-1][C][=C][C][=C][N][=C][Ring1][=Branch1][C][=C][C][=C][C][=N][Ring1][=Branch1],199.189,0.5070999999999999,65.91,0,4,2
COC(=O)c1c(N)c2cc(F)ccc2n1C,1.6862,0.752769007035,2.2693534842928766,methyl 3-amino-5-fluoro-1-methylindole-2-carboxylate,[C][O][C][=Branch1][C][=O][C][=C][Branch1][C][N][C][=C][C][Branch1][C][F][=C][C][=C][Ring1][#Branch1][N][Ring1][O][C],222.219,1.6862,57.25,1,4,1
Cc1ccc(CC(=O)Nc2nnc(-c3ccno3)o2)cc1,2.21422,0.79113824037,2.3635374413653345,"2-(4-methylphenyl)-N-[5-(1,2-oxazol-5-yl)-1,3,4-oxadiazol-2-yl]acetamide",[C][C][=C][C][=C][Branch2][Ring1][#Branch1][C][C][=Branch1][C][=O][N][C][=N][N][=C][Branch1][Branch2][C][=C][C][=N][O][Ring1][Branch1][O][Ring1][#Branch2][C][=C][Ring2][Ring1][Ring2],284.27500000000003,2.21422,94.05000000000001,1,6,4
NNC(=O)COc1ccc(-c2n[nH]c(C(F)(F)F)c2-c2ccc(Cl)cc2)c(O)c1,3.4902,0.276907594197,2.643744152290457,2-[4-[4-(4-chlorophenyl)-5-(trifluoromethyl)-1H-pyrazol-3-yl]-3-hydroxyphenoxy]acetohydrazide,[N][N][C][=Branch1][C][=O][C][O][C][=C][C][=C][Branch2][Ring1][=N][C][=N][NH1][C][Branch1][=Branch2][C][Branch1][C][F][Branch1][C][F][F][=C][Ring1][=Branch2][C][=C][C][=C][Branch1][C][Cl][C][=C][Ring1][#Branch1][C][Branch1][C][O][=C][Ring2][Ring1][#Branch1],426.78200000000015,3.4902000000000015,113.26,4,5,5
Cc1cc(OCC(=O)c2ccccc2)cc2c1C(=O)/C(=C/c1cccc(F)c1)O2,5.01202,0.436422340111,2.337482159704729,(2Z)-2-[(3-fluorophenyl)methylidene]-4-methyl-6-phenacyloxy-1-benzofuran-3-one,[C][C][=C][C][Branch1][#C][O][C][C][=Branch1][C][=O][C][=C][C][=C][C][=C][Ring1][=Branch1][=C][C][=C][Ring1][S][C][=Branch1][C][=O][/C][=Branch1][=N][=C][/C][=C][C][=C][C][Branch1][C][F][=C][Ring1][#Branch1][O][Ring1][=C],388.3940000000001,5.012020000000004,52.60000000000001,0,4,5
Cc1ccc(/C=C/C(=O)N2CCC3(CC2)OCCO3)o1,1.96672,0.779740072577,3.0746875665760487,"(E)-1-(1,4-dioxa-8-azaspiro[4.5]decan-8-yl)-3-(5-methylfuran-2-yl)prop-2-en-1-one",[C][C][=C][C][=C][Branch2][Ring1][#Branch1][/C][=C][/C][=Branch1][C][=O][N][C][C][C][Branch1][Branch1][C][C][Ring1][=Branch1][O][C][C][O][Ring1][#Branch1][O][Ring2][Ring1][Ring1],277.31999999999994,1.9667199999999998,51.910000000000004,0,4,2
O=C(NC1CC1)C(=O)N1CCN(c2ccc(F)cc2)CC1,0.7529,0.8320863460860001,1.9477953805364727,N-cyclopropyl-2-[4-(4-fluorophenyl)piperazin-1-yl]-2-oxoacetamide,[O][=C][Branch1][#Branch1][N][C][C][C][Ring1][Ring1][C][=Branch1][C][=O][N][C][C][N][Branch1][N][C][=C][C][=C][Branch1][C][F][C][=C][Ring1][#Branch1][C][C][Ring1][=N],291.3260000000001,0.7528999999999992,52.650000000000006,1,3,2
Cc1nn(-c2ccc(F)c(F)c2)c2ncc3c(c12)C(=O)N(c1cccc2ccccc12)C3=O,4.96092,0.348631345075,2.508433025758185,"5-(3,4-difluorophenyl)-3-methyl-11-naphthalen-1-yl-4,5,7,11-tetrazatricyclo[7.3.0.02,6]dodeca-1,3,6,8-tetraene-10,12-dione",[C][C][=N][N][Branch1][#C][C][=C][C][=C][Branch1][C][F][C][Branch1][C][F][=C][Ring1][Branch2][C][=N][C][=C][C][=Branch1][=Branch1][=C][Ring1][P][Ring1][=Branch1][C][=Branch1][C][=O][N][Branch1][#C][C][=C][C][=C][C][=C][C][=C][C][=C][Ring1][#Branch2][Ring1][=Branch1][C][Ring1][P][=O],440.40900000000016,4.960920000000003,68.09,0,5,2
COc1cccc2c1OCC/C2=N\NC(=O)COc1ccccc1C,2.68542,0.846299227491,2.3178531592535645,"N-[(E)-(8-methoxy-2,3-dihydrochromen-4-ylidene)amino]-2-(2-methylphenoxy)acetamide",[C][O][C][=C][C][=C][C][=C][Ring1][=Branch1][O][C][C][/C][Ring1][=Branch1][=N][\N][C][=Branch1][C][=O][C][O][C][=C][C][=C][C][=C][Ring1][=Branch1][C],340.379,2.6854200000000006,69.15,1,5,5
CC(C)CCNC(=O)Cc1cn(Cc2ccc(F)cc2)c2ccccc12,4.5335,0.636532952996,2.0191951859293567,2-[1-[(4-fluorophenyl)methyl]indol-3-yl]-N-(3-methylbutyl)acetamide,[C][C][Branch1][C][C][C][C][N][C][=Branch1][C][=O][C][C][=C][N][Branch1][=N][C][C][=C][C][=C][Branch1][C][F][C][=C][Ring1][#Branch1][C][=C][C][=C][C][=C][Ring1][P][Ring1][=Branch1],352.45300000000003,4.533500000000004,34.03,1,2,7
Cc1cc(NC(=O)[C@@H](C)SCC(=O)Nc2cccc(C(F)(F)F)c2)no1,3.70072,0.767681615246,2.696173730480528,"(2R)-N-(5-methyl-1,2-oxazol-3-yl)-2-[2-oxo-2-[3-(trifluoromethyl)anilino]ethyl]sulfanylpropanamide",[C][C][=C][C][Branch2][Ring2][Ring1][N][C][=Branch1][C][=O][C@@H1][Branch1][C][C][S][C][C][=Branch1][C][=O][N][C][=C][C][=C][C][Branch1][=Branch2][C][Branch1][C][F][Branch1][C][F][F][=C][Ring1][#Branch2][=N][O][Ring2][Ring1][=Branch2],387.38300000000004,3.7007200000000013,84.23,2,5,6
Cc1cc(C=O)c(O)c([N+](=O)[O-])c1,1.42132,0.429066531056,2.3254718767056595,2-hydroxy-5-methyl-3-nitrobenzaldehyde,[C][C][=C][C][Branch1][Ring1][C][=O][=C][Branch1][C][O][C][Branch1][=Branch1][N+1][=Branch1][C][=O][O-1][=C][Ring1][N],181.14699999999996,1.4213199999999997,80.44,1,4,2
Cc1ccc(NC(=O)COC(=O)/C(C#N)=C/c2ccccc2)c(Br)c1,3.8464,0.45590808614,2.1159187087041147,[2-(2-bromo-4-methylanilino)-2-oxoethyl] (E)-2-cyano-3-phenylprop-2-enoate,[C][C][=C][C][=C][Branch2][Ring1][#Branch2][N][C][=Branch1][C][=O][C][O][C][=Branch1][C][=O][/C][Branch1][Ring1][C][#N][=C][/C][=C][C][=C][C][=C][Ring1][=Branch1][C][Branch1][C][Br][=C][Ring2][Ring1][Branch2],399.244,3.8464000000000027,79.19,1,4,5
Cc1ccccc1Cn1c(CNC(=O)CCc2ccccc2)nc2ccccc21,4.64202,0.482852564382,1.9274325233311809,N-[[1-[(2-methylphenyl)methyl]benzimidazol-2-yl]methyl]-3-phenylpropanamide,[C][C][=C][C][=C][C][=C][Ring1][=Branch1][C][N][C][Branch1][P][C][N][C][=Branch1][C][=O][C][C][C][=C][C][=C][C][=C][Ring1][=Branch1][=N][C][=C][C][=C][C][=C][Ring1][=Branch1][Ring2][Ring1][Branch1],383.49500000000006,4.642020000000004,46.92,1,3,7
Cc1cc2c(F)c(F)c(F)c(F)c2[nH]1,3.03272,0.380260461629,2.7400190472305983,"4,5,6,7-tetrafluoro-2-methyl-1H-indole",[C][C][=C][C][=C][Branch1][C][F][C][Branch1][C][F][=C][Branch1][C][F][C][Branch1][C][F][=C][Ring1][#Branch2][NH1][Ring1][=N],203.138,3.0327200000000003,15.79,1,0,0
O=C(CSCc1ccccc1Cl)NNC(=O)Nc1ccc2c(c1)OCO2,3.1548,0.669517050626,2.212874412540584,"1-(1,3-benzodioxol-5-yl)-3-[[2-[(2-chlorophenyl)methylsulfanyl]acetyl]amino]urea",[O][=C][Branch1][=N][C][S][C][C][=C][C][=C][C][=C][Ring1][=Branch1][Cl][N][N][C][=Branch1][C][=O][N][C][=C][C][=C][C][=Branch1][Ring2][=C][Ring1][=Branch1][O][C][O][Ring1][=Branch1],393.8520000000002,3.1548000000000007,88.69000000000001,3,5,5
COc1ccc(-c2ccc(OCCNC(=O)c3cc4ccccc4oc3=O)nn2)cc1,3.0674,0.35970522077,2.239116011294705,N-[2-[6-(4-methoxyphenyl)pyridazin-3-yl]oxyethyl]-2-oxochromene-3-carboxamide,[C][O][C][=C][C][=C][Branch2][Ring2][Ring2][C][=C][C][=C][Branch2][Ring1][Branch2][O][C][C][N][C][=Branch1][C][=O][C][=C][C][=C][C][=C][C][=C][Ring1][=Branch1][O][C][Ring1][#Branch2][=O][N][=N][Ring2][Ring1][#Branch1][C][=C][Ring2][Ring1][=N],417.42100000000005,3.067400000000001,103.55000000000001,1,7,7
CNc1cncc([C@@H]2CCCN2S(=O)(=O)c2cn[nH]c2)n1,0.7672,0.878619698749,3.417516691351528,N-methyl-6-[(2S)-1-(1H-pyrazol-4-ylsulfonyl)pyrrolidin-2-yl]pyrazin-2-amine,[C][N][C][=C][N][=C][C][Branch2][Ring1][=Branch1][C@@H1][C][C][C][N][Ring1][Branch1][S][=Branch1][C][=O][=Branch1][C][=O][C][C][=N][NH1][C][=Ring1][Branch1][=N][Ring2][Ring1][Ring1],308.36699999999996,0.7671999999999997,103.86999999999999,2,6,4
O=C1C[C@@H](c2cccc(Oc3ccccc3)c2)c2cc3c(cc2N1)OCO3,4.6817,0.704858524052,2.716682878911227,"(8S)-8-(3-phenoxyphenyl)-7,8-dihydro-5H-[1,3]dioxolo[4,5-g]quinolin-6-one",[O][=C][C][C@@H1][Branch2][Ring1][Ring2][C][=C][C][=C][C][Branch1][#Branch2][O][C][=C][C][=C][C][=C][Ring1][=Branch1][=C][Ring1][=N][C][=C][C][=C][Branch1][=Branch2][C][=C][Ring1][=Branch1][N][Ring2][Ring1][#Branch1][O][C][O][Ring1][Branch2],359.38100000000014,4.681700000000003,56.790000000000006,1,4,3
Cc1cc(C(=O)COC(=O)c2cc(Cl)c3c(c2)OCCCO3)c(C)n1C1CC1,4.29424,0.527218400636,2.4946377221774565,"[2-(1-cyclopropyl-2,5-dimethylpyrrol-3-yl)-2-oxoethyl] 6-chloro-3,4-dihydro-2H-1,5-benzodioxepine-8-carboxylate",[C][C][=C][C][Branch2][Ring1][#C][C][=Branch1][C][=O][C][O][C][=Branch1][C][=O][C][=C][C][Branch1][C][Cl][=C][C][=Branch1][Ring2][=C][Ring1][#Branch1][O][C][C][C][O][Ring1][Branch2][=C][Branch1][C][C][N][Ring2][Ring1][Branch2][C][C][C][Ring1][Ring1],403.8620000000003,4.294240000000003,66.76000000000002,0,6,5
O=C(CN(C1CCCCC1)S(=O)(=O)c1ccc(Cl)cc1)N1CCN(c2ccccc2F)CC1,4.1513,0.58279265328,2.2781243514537657,4-chloro-N-cyclohexyl-N-[2-[4-(2-fluorophenyl)piperazin-1-yl]-2-oxoethyl]benzenesulfonamide,[O][=C][Branch2][Ring1][#C][C][N][Branch1][=Branch2][C][C][C][C][C][C][Ring1][=Branch1][S][=Branch1][C][=O][=Branch1][C][=O][C][=C][C][=C][Branch1][C][Cl][C][=C][Ring1][#Branch1][N][C][C][N][Branch1][#Branch2][C][=C][C][=C][C][=C][Ring1][=Branch1][F][C][C][Ring1][=N],494.0320000000002,4.1513000000000035,60.93000000000001,0,4,6
CCCC[NH2+][C@@H](C)[C@@H]1COc2ccccc2O1,1.5784,0.794842673621,3.985079370950042,"butyl-[(1S)-1-[(3R)-2,3-dihydro-1,4-benzodioxin-3-yl]ethyl]azanium",[C][C][C][C][NH2+1][C@@H1][Branch1][C][C][C@@H1][C][O][C][=C][C][=C][C][=C][Ring1][=Branch1][O][Ring1][#Branch2],236.33499999999998,1.5783999999999998,35.07,1,2,5
CCCN1CC(=O)N2[C@@H](Cc3c([nH]c4ccccc34)[C@H]2c2ccc(Cl)cc2)C1=O,3.9162,0.6912624384360001,3.150209086999608,"(2R,8S)-2-(4-chlorophenyl)-6-propyl-3,6,17-triazatetracyclo[8.7.0.03,8.011,16]heptadeca-1(10),11,13,15-tetraene-4,7-dione",[C][C][C][N][C][C][=Branch1][C][=O][N][C@@H1][Branch2][Ring1][#C][C][C][=C][Branch1][N][NH1][C][=C][C][=C][C][=C][Ring1][=Branch2][Ring1][=Branch1][C@H1][Ring1][=N][C][=C][C][=C][Branch1][C][Cl][C][=C][Ring1][#Branch1][C][Ring2][Ring1][=Branch2][=O],407.9010000000001,3.9162000000000026,56.410000000000004,1,2,3
CCC1CCC(C(=O)c2cscc2C)CC1,4.45562,0.677683457812,2.5551053984252565,(4-ethylcyclohexyl)-(4-methylthiophen-3-yl)methanone,[C][C][C][C][C][C][Branch1][=N][C][=Branch1][C][=O][C][=C][S][C][=C][Ring1][Branch1][C][C][C][Ring1][=C],236.37999999999997,4.455620000000004,17.07,0,2,3
CCOC(=O)C1CCN(C(=O)[C@@H]2CCCc3sc(NC(=O)c4ccc5c(c4)OCO5)nc32)CC1,3.3457,0.635453636657,3.0376659529813086,"ethyl 1-[(4R)-2-(1,3-benzodioxole-5-carbonylamino)-4,5,6,7-tetrahydro-1,3-benzothiazole-4-carbonyl]piperidine-4-carboxylate",[C][C][O][C][=Branch1][C][=O][C][C][C][N][Branch2][Ring2][#Branch2][C][=Branch1][C][=O][C@@H1][C][C][C][C][S][C][Branch2][Ring1][Branch1][N][C][=Branch1][C][=O][C][=C][C][=C][C][=Branch1][Ring2][=C][Ring1][=Branch1][O][C][O][Ring1][=Branch1][=N][C][=Ring1][P][Ring2][Ring1][Branch1][C][C][Ring2][Ring1][=N],485.5620000000003,3.345700000000001,107.06000000000002,1,8,5
Cc1ccc(OCC(=O)NNC(=O)c2ccc(NC(=O)C(C)C)cc2)cc1,2.42952,0.681437166482,1.8159518079918675,2-methyl-N-[4-[[[2-(4-methylphenoxy)acetyl]amino]carbamoyl]phenyl]propanamide,[C][C][=C][C][=C][Branch2][Ring1][P][O][C][C][=Branch1][C][=O][N][N][C][=Branch1][C][=O][C][=C][C][=C][Branch1][O][N][C][=Branch1][C][=O][C][Branch1][C][C][C][C][=C][Ring1][N][C][=C][Ring2][Ring1][#Branch2],369.42100000000016,2.42952,96.53,3,4,6
C=C(C)COc1ccc(-c2[nH]ncc2-c2ccc(OC)c(OC)c2)c(O)c1,4.4214,0.5794493783829999,2.4407111845100857,"2-[4-(3,4-dimethoxyphenyl)-1H-pyrazol-5-yl]-5-(2-methylprop-2-enoxy)phenol",[C][=C][Branch1][C][C][C][O][C][=C][C][=C][Branch2][Ring1][Branch2][C][NH1][N][=C][C][=Ring1][Branch1][C][=C][C][=C][Branch1][Ring1][O][C][C][Branch1][Ring1][O][C][=C][Ring1][#Branch2][C][Branch1][C][O][=C][Ring2][Ring1][=Branch1],366.4170000000001,4.421400000000004,76.60000000000001,2,5,7
COc1ccc(OCC(=O)N[C@@H](C)c2ccc(F)c(F)c2)cc1,3.2296,0.874548385681,2.179024334277809,"N-[(1S)-1-(3,4-difluorophenyl)ethyl]-2-(4-methoxyphenoxy)acetamide",[C][O][C][=C][C][=C][Branch2][Ring1][#Branch2][O][C][C][=Branch1][C][=O][N][C@@H1][Branch1][C][C][C][=C][C][=C][Branch1][C][F][C][Branch1][C][F][=C][Ring1][Branch2][C][=C][Ring2][Ring1][Branch1],321.32300000000004,3.2296000000000022,47.56,1,3,6
CC(C)Oc1ccc(CNC(=O)NCc2ccc3c(c2)OCO3)cc1F,3.341,0.8137754937289999,2.11438000921418,"1-(1,3-benzodioxol-5-ylmethyl)-3-[(3-fluoro-4-propan-2-yloxyphenyl)methyl]urea",[C][C][Branch1][C][C][O][C][=C][C][=C][Branch2][Ring1][Branch2][C][N][C][=Branch1][C][=O][N][C][C][=C][C][=C][C][=Branch1][Ring2][=C][Ring1][=Branch1][O][C][O][Ring1][=Branch1][C][=C][Ring2][Ring1][Branch1][F],360.3850000000001,3.341000000000001,68.82000000000001,2,4,6
CCn1nc(C(=O)O[C@@H](C)c2nc3ccccc3c(=O)[nH]2)c2ccccc2c1=O,2.5709,0.535641939837,2.841647729776419,[(1S)-1-(4-oxo-3H-quinazolin-2-yl)ethyl] 3-ethyl-4-oxophthalazine-1-carboxylate,[C][C][N][N][=C][Branch2][Ring1][O][C][=Branch1][C][=O][O][C@@H1][Branch1][C][C][C][=N][C][=C][C][=C][C][=C][Ring1][=Branch1][C][=Branch1][C][=O][NH1][Ring1][O][C][=C][C][=C][C][=C][Ring1][=Branch1][C][Ring2][Ring1][#Branch2][=O],390.3990000000001,2.570900000000001,106.94,1,7,4
C[C@@H](Sc1nnc(-c2ccc(Cl)cc2)n1C[C@H]1CCCO1)C(=O)N(C)C,3.3463,0.689941019058,3.0162205629111174,"(2R)-2-[[5-(4-chlorophenyl)-4-[[(2R)-oxolan-2-yl]methyl]-1,2,4-triazol-3-yl]sulfanyl]-N,N-dimethylpropanamide",[C][C@@H1][Branch2][Ring1][=C][S][C][=N][N][=C][Branch1][N][C][=C][C][=C][Branch1][C][Cl][C][=C][Ring1][#Branch1][N][Ring1][N][C][C@H1][C][C][C][O][Ring1][Branch1][C][=Branch1][C][=O][N][Branch1][C][C][C],394.9280000000003,3.346300000000002,60.25,0,6,6
COCc1cccc(CNC(=O)Cn2ccccc2=O)c1,1.3111,0.880549733999,1.947927466586016,N-[[3-(methoxymethyl)phenyl]methyl]-2-(2-oxo-1-pyridinyl)acetamide,[C][O][C][C][=C][C][=C][C][Branch1][P][C][N][C][=Branch1][C][=O][C][N][C][=C][C][=C][C][Ring1][=Branch1][=O][=C][Ring2][Ring1][C],286.331,1.3111000000000004,60.33,1,4,6
O=C(NCc1ccccc1F)c1ccc(CN2C(=O)CCC2=O)cc1,2.4047,0.8503979003859999,1.8931710628288627,"4-[(2,5-dioxopyrrolidin-1-yl)methyl]-N-[(2-fluorophenyl)methyl]benzamide",[O][=C][Branch1][N][N][C][C][=C][C][=C][C][=C][Ring1][=Branch1][F][C][=C][C][=C][Branch1][=N][C][N][C][=Branch1][C][=O][C][C][C][Ring1][=Branch1][=O][C][=C][Ring1][=C],340.3540000000001,2.404700000000001,66.48,1,3,5
Cc1[nH]ncc1CCCNc1ccc(Br)cc1[N+](=O)[O-],3.43352,0.469755118176,2.366289421765064,4-bromo-N-[3-(5-methyl-1H-pyrazol-4-yl)propyl]-2-nitroaniline,[C][C][NH1][N][=C][C][=Ring1][Branch1][C][C][C][N][C][=C][C][=C][Branch1][C][Br][C][=C][Ring1][#Branch1][N+1][=Branch1][C][=O][O-1],339.1930000000001,3.4335200000000015,83.85,2,4,6
CC(C)(C)NC(=O)N1CCC(CNC(=O)c2cccc(Br)c2)CC1,3.399,0.806561178791,2.1161698669270823,4-[[(3-bromobenzoyl)amino]methyl]-N-tert-butylpiperidine-1-carboxamide,[C][C][Branch1][C][C][Branch1][C][C][N][C][=Branch1][C][=O][N][C][C][C][Branch2][Ring1][C][C][N][C][=Branch1][C][=O][C][=C][C][=C][C][Branch1][C][Br][=C][Ring1][#Branch1][C][C][Ring1][P],396.32900000000006,3.399000000000002,61.440000000000005,2,2,3
C[C@@H](c1ccc(-n2cncn2)cc1)N(C)C(=O)NCCCn1ccc2ccccc21,4.0147,0.458051832519,2.890151639466568,"3-(3-indol-1-ylpropyl)-1-methyl-1-[(1S)-1-[4-(1,2,4-triazol-1-yl)phenyl]ethyl]urea",[C][C@@H1][Branch2][Ring1][C][C][=C][C][=C][Branch1][Branch2][N][C][=N][C][=N][Ring1][Branch1][C][=C][Ring1][O][N][Branch1][C][C][C][=Branch1][C][=O][N][C][C][C][N][C][=C][C][=C][C][=C][C][=C][Ring1][=Branch1][Ring1][=Branch2],402.50200000000024,4.014700000000003,67.98,1,5,7
O=c1c(=O)n(-c2ccc(Br)cc2)ccn1Cc1ccccc1Cl,3.4634,0.628019515839,2.1323480569975017,"1-(4-bromophenyl)-4-[(2-chlorophenyl)methyl]pyrazine-2,3-dione",[O][=C][C][=Branch1][C][=O][N][Branch1][N][C][=C][C][=C][Branch1][C][Br][C][=C][Ring1][#Branch1][C][=C][N][Ring1][=C][C][C][=C][C][=C][C][=C][Ring1][=Branch1][Cl],391.65200000000016,3.463400000000002,44.0,0,4,3
C=C(C)COc1ccc(C(=O)Nc2cccc(N(C)C(C)=O)c2)cc1,3.8765,0.787098922905,2.0469830087518943,N-[3-[acetyl(methyl)amino]phenyl]-4-(2-methylprop-2-enoxy)benzamide,[C][=C][Branch1][C][C][C][O][C][=C][C][=C][Branch2][Ring1][=Branch2][C][=Branch1][C][=O][N][C][=C][C][=C][C][Branch1][#Branch2][N][Branch1][C][C][C][Branch1][C][C][=O][=C][Ring1][O][C][=C][Ring2][Ring1][Ring2],338.40700000000004,3.8765000000000027,58.64,1,3,6
C[C@H](NC(=O)CN1C(=O)[C@H]2CCCC[C@@H]2C1=O)c1ccccc1,2.039,0.869002201645,2.858727926646872,"2-[(3aS,7aS)-1,3-dioxo-3a,4,5,6,7,7a-hexahydroisoindol-2-yl]-N-[(1S)-1-phenylethyl]acetamide",[C][C@H1][Branch2][Ring1][Branch2][N][C][=Branch1][C][=O][C][N][C][=Branch1][C][=O][C@H1][C][C][C][C][C@@H1][Ring1][=Branch1][C][Ring1][#Branch2][=O][C][=C][C][=C][C][=C][Ring1][=Branch1],314.38499999999993,2.038999999999999,66.48,1,3,4
COc1ccc(C)c2sc(NC(=O)c3cccc(NS(=O)(=O)c4ccccc4)c3)nc12,4.66642,0.422689921278,2.1192738084975016,"3-(benzenesulfonamido)-N-(4-methoxy-7-methyl-1,3-benzothiazol-2-yl)benzamide",[C][O][C][=C][C][=C][Branch1][C][C][C][S][C][Branch2][Ring1][S][N][C][=Branch1][C][=O][C][=C][C][=C][C][Branch1][P][N][S][=Branch1][C][=O][=Branch1][C][=O][C][=C][C][=C][C][=C][Ring1][=Branch1][=C][Ring1][S][=N][C][Ring2][Ring1][=N][=Ring2][Ring1][Branch2],453.54500000000013,4.666420000000003,97.39,2,6,6
Cc1ccc(C(=O)N(C)Cc2ccncc2)c(F)c1,2.80132,0.842442076391,1.9000991612313385,"2-fluoro-N,4-dimethyl-N-(pyridin-4-ylmethyl)benzamide",[C][C][=C][C][=C][Branch2][Ring1][C][C][=Branch1][C][=O][N][Branch1][C][C][C][C][=C][C][=N][C][=C][Ring1][=Branch1][C][Branch1][C][F][=C][Ring2][Ring1][C],258.296,2.8013200000000014,33.2,0,2,3
CN(C)c1ccc(/C=C2\N=C(c3cccc([N+](=O)[O-])c3)OC2=O)cc1,3.0053,0.366574400524,2.3220820054074114,"(4Z)-4-[[4-(dimethylamino)phenyl]methylidene]-2-(3-nitrophenyl)-1,3-oxazol-5-one",[C][N][Branch1][C][C][C][=C][C][=C][Branch2][Ring1][O][/C][=C][\N][=C][Branch1][S][C][=C][C][=C][C][Branch1][=Branch1][N+1][=Branch1][C][=O][O-1][=C][Ring1][=Branch2][O][C][Ring1][=C][=O][C][=C][Ring2][Ring1][=Branch1],337.33500000000004,3.005300000000002,85.03999999999999,0,6,4
CO[C@H](CNCc1cn(C)nc1-c1cccc(Cl)c1)c1cccs1,4.2793,0.654387964709,2.9821726642070363,(2R)-N-[[3-(3-chlorophenyl)-1-methylpyrazol-4-yl]methyl]-2-methoxy-2-thiophen-2-ylethanamine,[C][O][C@H1][Branch2][Ring1][=Branch2][C][N][C][C][=C][N][Branch1][C][C][N][=C][Ring1][=Branch1][C][=C][C][=C][C][Branch1][C][Cl][=C][Ring1][#Branch1][C][=C][C][=C][S][Ring1][Branch1],361.8980000000001,4.279300000000003,39.08,1,5,7
Cn1c(SCC(=O)N[C@@H](c2ccccc2)C2CC2)nnc1C1CC1,3.0521,0.7767796871889999,2.690306010655984,"2-[(5-cyclopropyl-4-methyl-1,2,4-triazol-3-yl)sulfanyl]-N-[(R)-cyclopropyl(phenyl)methyl]acetamide",[C][N][C][Branch2][Ring1][Branch2][S][C][C][=Branch1][C][=O][N][C@@H1][Branch1][=Branch2][C][=C][C][=C][C][=C][Ring1][=Branch1][C][C][C][Ring1][Ring1][=N][N][=C][Ring2][Ring1][Ring2][C][C][C][Ring1][Ring1],342.4680000000002,3.052100000000001,59.81,1,5,7
CS(=O)(=O)c1ccccc1C(=O)Nc1ccc(Cc2nc3ccccc3s2)cc1,4.5429,0.4896737396100001,2.053747776016128,"N-[4-(1,3-benzothiazol-2-ylmethyl)phenyl]-2-methylsulfonylbenzamide",[C][S][=Branch1][C][=O][=Branch1][C][=O][C][=C][C][=C][C][=C][Ring1][=Branch1][C][=Branch1][C][=O][N][C][=C][C][=C][Branch1][#C][C][C][=N][C][=C][C][=C][C][=C][Ring1][=Branch1][S][Ring1][=Branch2][C][=C][Ring1][S],422.5310000000002,4.542900000000004,76.13,1,5,5
Cc1cccc(N2C(=O)C[C@@H](N(O)c3ccccc3)C2=O)c1C,2.83114,0.69451830118,2.736264959277808,"(3R)-1-(2,3-dimethylphenyl)-3-(N-hydroxyanilino)pyrrolidine-2,5-dione",[C][C][=C][C][=C][C][Branch2][Ring1][#Branch2][N][C][=Branch1][C][=O][C][C@@H1][Branch1][=N][N][Branch1][C][O][C][=C][C][=C][C][=C][Ring1][=Branch1][C][Ring1][=C][=O][=C][Ring2][Ring1][Branch1][C],310.3530000000001,2.8311400000000013,60.85,1,4,3
O=C(NC[C@@H]1CN(c2cccc(Cl)c2)C(=O)O1)c1ccccc1S(=O)(=O)C(F)F,3.0915,0.729548313375,2.858617415517508,"N-[[(5R)-3-(3-chlorophenyl)-2-oxo-1,3-oxazolidin-5-yl]methyl]-2-(difluoromethylsulfonyl)benzamide",[O][=C][Branch2][Ring1][#Branch2][N][C][C@@H1][C][N][Branch1][N][C][=C][C][=C][C][Branch1][C][Cl][=C][Ring1][#Branch1][C][=Branch1][C][=O][O][Ring1][=N][C][=C][C][=C][C][=C][Ring1][=Branch1][S][=Branch1][C][=O][=Branch1][C][=O][C][Branch1][C][F][F],444.8430000000001,3.0915000000000017,92.78,1,5,6
Cc1ccc(C(=O)N[C@@H]2[C@H]3CCC[C@H]3[C@H]2c2ccccc2)cn1,3.70212,0.913033175955,3.3237241877031547,"6-methyl-N-[(1R,5S,6R,7S)-7-phenyl-6-bicyclo[3.2.0]heptanyl]pyridine-3-carboxamide",[C][C][=C][C][=C][Branch2][Ring1][=Branch2][C][=Branch1][C][=O][N][C@@H1][C@H1][C][C][C][C@H1][Ring1][Branch1][C@H1][Ring1][#Branch1][C][=C][C][=C][C][=C][Ring1][=Branch1][C][=N][Ring2][Ring1][=Branch1],306.409,3.7021200000000025,41.99,1,2,3
COc1cccc(-c2nc(COc3c(C)ccnc3Cl)cs2)c1,4.754519999999999,0.597346183235,2.2992055072395683,"4-[(2-chloro-4-methyl-3-pyridinyl)oxymethyl]-2-(3-methoxyphenyl)-1,3-thiazole",[C][O][C][=C][C][=C][C][Branch2][Ring1][Branch2][C][=N][C][Branch1][#C][C][O][C][=C][Branch1][C][C][C][=C][N][=C][Ring1][#Branch1][Cl][=C][S][Ring1][#C][=C][Ring2][Ring1][Branch1],346.839,4.754520000000003,44.24,0,5,5
CC(C)CN(CC(C)C)C(=O)CSc1ncccc1N,2.8965,0.779369775371,2.3919542569299,"2-[(3-amino-2-pyridinyl)sulfanyl]-N,N-bis(2-methylpropyl)acetamide",[C][C][Branch1][C][C][C][N][Branch1][#Branch1][C][C][Branch1][C][C][C][C][=Branch1][C][=O][C][S][C][=N][C][=C][C][=C][Ring1][=Branch1][N],295.452,2.8965000000000005,59.22,1,4,7
COc1ccc(F)cc1C(=O)COC(=O)c1csc(-c2ccc(C)cc2)n1,4.30592,0.448066156239,2.0810409415951074,"[2-(5-fluoro-2-methoxyphenyl)-2-oxoethyl] 2-(4-methylphenyl)-1,3-thiazole-4-carboxylate",[C][O][C][=C][C][=C][Branch1][C][F][C][=C][Ring1][#Branch1][C][=Branch1][C][=O][C][O][C][=Branch1][C][=O][C][=C][S][C][Branch1][N][C][=C][C][=C][Branch1][C][C][C][=C][Ring1][#Branch1][=N][Ring1][N],385.41600000000005,4.305920000000004,65.49000000000001,0,6,6
O=C(CCCNC(=O)N1CC(O)=Nc2ccccc21)Nc1ccc(Oc2ccccc2)cc1,5.0154,0.427028269741,2.470596814628889,"3-oxo-N-[4-oxo-4-(4-phenoxyanilino)butyl]-2,4-dihydroquinoxaline-1-carboxamide",[O][=C][Branch2][Ring1][#Branch2][C][C][C][N][C][=Branch1][C][=O][N][C][C][Branch1][C][O][=N][C][=C][C][=C][C][=C][Ring1][=Branch1][Ring1][O][N][C][=C][C][=C][Branch1][#Branch2][O][C][=C][C][=C][C][=C][Ring1][=Branch1][C][=C][Ring1][=N],444.49100000000016,5.015400000000003,103.26,3,4,7
Cc1ccc(NC(=O)Cc2nc(-c3cccc(Br)c3)cs2)cc1,5.06222,0.652254673839,1.923678933812996,"2-[4-(3-bromophenyl)-1,3-thiazol-2-yl]-N-(4-methylphenyl)acetamide",[C][C][=C][C][=C][Branch2][Ring1][O][N][C][=Branch1][C][=O][C][C][=N][C][Branch1][N][C][=C][C][=C][C][Branch1][C][Br][=C][Ring1][#Branch1][=C][S][Ring1][N][C][=C][Ring2][Ring1][=Branch1],387.302,5.0622200000000035,41.99,1,3,4
CC1CCN(S(=O)(=O)c2ccc3c(c2)[C@H]2C=CC[C@@H]2[C@H](c2cccnc2)N3)CC1,4.3287,0.734813125036,3.5128705139093928,"(3aS,4R,9bS)-8-(4-methylpiperidin-1-yl)sulfonyl-4-pyridin-3-yl-3a,4,5,9b-tetrahydro-3H-cyclopenta[c]quinoline",[C][C][C][C][N][Branch2][Ring2][#Branch1][S][=Branch1][C][=O][=Branch1][C][=O][C][=C][C][=C][C][=Branch1][Ring2][=C][Ring1][=Branch1][C@H1][C][=C][C][C@@H1][Ring1][Branch1][C@H1][Branch1][=Branch2][C][=C][C][=C][N][=C][Ring1][=Branch1][N][Ring1][S][C][C][Ring2][Ring1][N],409.5550000000002,4.328700000000003,62.300000000000004,1,4,3
CCC(=O)Nc1nc(-c2ccc3c(c2)NC(=O)CO3)c(C)s1,2.79792,0.906260712705,2.400559337335641,"N-[5-methyl-4-(3-oxo-4H-1,4-benzoxazin-6-yl)-1,3-thiazol-2-yl]propanamide",[C][C][C][=Branch1][C][=O][N][C][=N][C][Branch2][Ring1][Ring2][C][=C][C][=C][C][=Branch1][Ring2][=C][Ring1][=Branch1][N][C][=Branch1][C][=O][C][O][Ring1][Branch2][=C][Branch1][C][C][S][Ring1][P],317.37000000000006,2.7979200000000004,80.32000000000001,2,5,3
C[NH+](C)CCCn1c(=O)[nH]c2sc3c(c2c1=[NH2+])CC(C)(C)OC3,-1.5632,0.668125518508,4.395847465281526,"3-(3-amino-12,12-dimethyl-5-oxo-11-oxa-8-thia-6-aza-4-azoniatricyclo[7.4.0.02,7]trideca-1(9),2(7),3-trien-4-yl)propyl-dimethylazanium",[C][NH1+1][Branch1][C][C][C][C][C][N][C][=Branch1][C][=O][NH1][C][S][C][=C][Branch1][Branch2][C][=Ring1][Branch1][C][Ring1][#Branch2][=NH2+1][C][C][Branch1][C][C][Branch1][C][C][O][C][Ring1][O],338.4770000000002,-1.5631999999999948,77.05000000000001,3,4,4
COc1cc2c(cc1OC)[C@H](c1cc3cccc(C)c3[nH]c1=O)N(C(=O)N1CCOCC1)CC2,3.25342,0.634289350993,3.0873293655628355,"3-[(1R)-6,7-dimethoxy-2-(morpholine-4-carbonyl)-3,4-dihydro-1H-isoquinolin-1-yl]-8-methyl-1H-quinolin-2-one",[C][O][C][=C][C][=C][Branch1][#Branch1][C][=C][Ring1][=Branch1][O][C][C@H1][Branch2][Ring1][Ring1][C][=C][C][=C][C][=C][C][Branch1][C][C][=C][Ring1][#Branch1][NH1][C][Ring1][O][=O][N][Branch1][=N][C][=Branch1][C][=O][N][C][C][O][C][C][Ring1][=Branch1][C][C][Ring2][Ring1][=C],463.5340000000004,3.253420000000002,84.1,1,5,3
O=C(NCCCc1nc(-c2ccc(Br)o2)no1)C1CC1,2.5509,0.8160144198989999,2.3626210585493315,"N-[3-[3-(5-bromofuran-2-yl)-1,2,4-oxadiazol-5-yl]propyl]cyclopropanecarboxamide",[O][=C][Branch2][Ring1][Branch2][N][C][C][C][C][=N][C][Branch1][O][C][=C][C][=C][Branch1][C][Br][O][Ring1][=Branch1][=N][O][Ring1][O][C][C][C][Ring1][Ring1],340.17700000000013,2.5509000000000013,81.16000000000001,1,5,6
CCCn1cnc2sc(C)c(C)c2c1=O,2.48484,0.7813770276459999,2.1920693289352493,"5,6-dimethyl-3-propylthieno[2,3-d]pyrimidin-4-one",[C][C][C][N][C][=N][C][S][C][Branch1][C][C][=C][Branch1][C][C][C][=Ring1][#Branch1][C][Ring1][O][=O],222.31299999999996,2.48484,34.89,0,4,2
Cc1cccc(NC(=O)c2cccn(Cc3ccccc3F)c2=O)c1,3.59642,0.771559787301,1.8912072491777268,1-[(2-fluorophenyl)methyl]-N-(3-methylphenyl)-2-oxopyridine-3-carboxamide,[C][C][=C][C][=C][C][Branch2][Ring1][O][N][C][=Branch1][C][=O][C][=C][C][=C][N][Branch1][O][C][C][=C][C][=C][C][=C][Ring1][=Branch1][F][C][Ring1][=C][=O][=C][Ring2][Ring1][Branch2],336.3660000000001,3.596420000000002,51.1,1,3,4
CC1=C(c2ccc(C(C)C)cc2)S(=O)(=O)N=C1N1CCC(C(=O)N2CCOCC2)CC1,2.8537,0.709627380002,2.62108036142733,"[1-[4-methyl-1,1-dioxo-5-(4-propan-2-ylphenyl)-1,2-thiazol-3-yl]piperidin-4-yl]-morpholin-4-ylmethanone",[C][C][=C][Branch1][S][C][=C][C][=C][Branch1][=Branch1][C][Branch1][C][C][C][C][=C][Ring1][=Branch2][S][=Branch1][C][=O][=Branch1][C][=O][N][=C][Ring1][S][N][C][C][C][Branch1][=N][C][=Branch1][C][=O][N][C][C][O][C][C][Ring1][=Branch1][C][C][Ring1][=C],445.5850000000004,2.853700000000001,79.28,0,5,3
CNC(=O)NCCn1c(C)nc2cc(C(=O)N3CCCCCC3)ccc21,2.28992,0.882634000442,2.2263523584865297,1-[2-[5-(azepane-1-carbonyl)-2-methylbenzimidazol-1-yl]ethyl]-3-methylurea,[C][N][C][=Branch1][C][=O][N][C][C][N][C][Branch1][C][C][=N][C][=C][C][Branch1][=C][C][=Branch1][C][=O][N][C][C][C][C][C][C][Ring1][#Branch1][=C][C][=C][Ring1][#C][Ring2][Ring1][Ring1],357.45800000000025,2.2899199999999995,79.26,2,4,4
Fc1cccc(OC[C@@H]2CO2)c1,1.6033,0.6448925711969999,2.277853682100952,(2S)-2-[(3-fluorophenoxy)methyl]oxirane,[F][C][=C][C][=C][C][Branch1][Branch2][O][C][C@@H1][C][O][Ring1][Ring1][=C][Ring1][O],168.16699999999997,1.6033,21.759999999999998,0,2,3
Cn1ccs/c1=N\C(=O)Nc1ccccc1,2.2194,0.808346679914,2.2935588432413088,"1-(3-methyl-1,3-thiazol-2-ylidene)-3-phenylurea",[C][N][C][=C][S][/C][Ring1][Branch1][=N][\C][=Branch1][C][=O][N][C][=C][C][=C][C][=C][Ring1][=Branch1],233.29600000000005,2.2194000000000003,46.39,1,3,1
CCn1cc(NC(=O)[C@H](C)n2cccn2)cn1,1.2992,0.875051194001,2.7964081142983765,(2S)-N-(1-ethylpyrazol-4-yl)-2-pyrazol-1-ylpropanamide,[C][C][N][C][=C][Branch1][P][N][C][=Branch1][C][=O][C@H1][Branch1][C][C][N][C][=C][C][=N][Ring1][Branch1][C][=N][Ring1][#C],233.27500000000003,1.2991999999999997,64.74000000000001,1,5,4
Cc1ccc(C)n1-c1c(C(=O)O[C@H]2CCS(=O)(=O)c3ccccc32)cnn1C,2.90314,0.627329161339,3.4233354676530285,"[(4S)-1,1-dioxo-3,4-dihydro-2H-thiochromen-4-yl] 5-(2,5-dimethylpyrrol-1-yl)-1-methylpyrazole-4-carboxylate",[C][C][=C][C][=C][Branch1][C][C][N][Ring1][=Branch1][C][=C][Branch2][Ring1][#Branch2][C][=Branch1][C][=O][O][C@H1][C][C][S][=Branch1][C][=O][=Branch1][C][=O][C][=C][C][=C][C][=C][Ring1][=Branch1][Ring1][N][C][=N][N][Ring2][Ring1][Ring2][C],399.4720000000001,2.9031400000000014,83.19,0,7,3
N#Cc1ccsc1NC(=O)COC(=O)c1cnccn1,1.20528,0.857862343767,2.352061544379291,[2-[(3-cyanothiophen-2-yl)amino]-2-oxoethyl] pyrazine-2-carboxylate,[N][#C][C][C][=C][S][C][=Ring1][Branch1][N][C][=Branch1][C][=O][C][O][C][=Branch1][C][=O][C][=C][N][=C][C][=N][Ring1][=Branch1],288.28799999999995,1.20528,104.97,1,7,4
CCc1nc(N2CCN(C(=O)COc3ccccc3)CC2)c2cnn(C)c2n1,1.6533,0.6755828738740001,2.2986109634660803,"1-[4-(6-ethyl-1-methylpyrazolo[5,4-d]pyrimidin-4-yl)piperazin-1-yl]-2-phenoxyethanone",[C][C][C][=N][C][Branch2][Ring1][=Branch2][N][C][C][N][Branch1][#C][C][=Branch1][C][=O][C][O][C][=C][C][=C][C][=C][Ring1][=Branch1][C][C][Ring1][S][=C][C][=N][N][Branch1][C][C][C][Ring1][=Branch1][=N][Ring2][Ring1][#Branch2],380.45200000000017,1.6532999999999998,76.38,0,7,5
O=c1oc2ccccc2cc1SCc1ccccc1,4.0853,0.509567952259,1.932685207260782,3-benzylsulfanylchromen-2-one,[O][=C][O][C][=C][C][=C][C][=C][Ring1][=Branch1][C][=C][Ring1][#Branch2][S][C][C][=C][C][=C][C][=C][Ring1][=Branch1],268.337,4.085300000000003,30.21,0,3,3
C/C(=C/c1ccc(SC#N)cc1)[N+](=O)[O-],2.89728,0.336948276441,2.790628428372397,[4-[(Z)-2-nitroprop-1-enyl]phenyl] thiocyanate,[C][/C][=Branch1][#C][=C][/C][=C][C][=C][Branch1][Ring2][S][C][#N][C][=C][Ring1][=Branch2][N+1][=Branch1][C][=O][O-1],220.253,2.897280000000002,66.92999999999999,0,4,3
Cc1ccccc1Cn1cc(NS(=O)(=O)c2ccc(Br)cc2)cn1,3.80312,0.679842710232,2.0229389125873034,4-bromo-N-[1-[(2-methylphenyl)methyl]pyrazol-4-yl]benzenesulfonamide,[C][C][=C][C][=C][C][=C][Ring1][=Branch1][C][N][C][=C][Branch2][Ring1][Ring2][N][S][=Branch1][C][=O][=Branch1][C][=O][C][=C][C][=C][Branch1][C][Br][C][=C][Ring1][#Branch1][C][=N][Ring1][S],406.30500000000006,3.8031200000000025,63.99,1,4,5
COc1ccc(S(=O)(=O)CCCC(=O)Nc2nc3c(s2)C[C@@H](C)CC3)cc1,3.4691,0.741718446795,2.748071745307988,"4-(4-methoxyphenyl)sulfonyl-N-[(6S)-6-methyl-4,5,6,7-tetrahydro-1,3-benzothiazol-2-yl]butanamide",[C][O][C][=C][C][=C][Branch2][Ring2][C][S][=Branch1][C][=O][=Branch1][C][=O][C][C][C][C][=Branch1][C][=O][N][C][=N][C][=C][Branch1][Ring2][S][Ring1][Branch1][C][C@@H1][Branch1][C][C][C][C][Ring1][Branch2][C][=C][Ring2][Ring1][=Branch2],408.5450000000002,3.469100000000002,85.36,1,6,7
Nc1cc(NC(=O)CCN2CCOCC2=O)ccc1Cl,1.1096,0.826068993471,2.241884201984844,N-(3-amino-4-chlorophenyl)-3-(3-oxomorpholin-4-yl)propanamide,[N][C][=C][C][Branch1][P][N][C][=Branch1][C][=O][C][C][N][C][C][O][C][C][Ring1][=Branch1][=O][=C][C][=C][Ring2][Ring1][C][Cl],297.74199999999996,1.1096,84.66,2,4,4
O=C(C[C@@H]([NH2+]Cc1ccccc1)C(=O)[O-])Nc1cccc(Cl)c1Cl,1.2041,0.780766012305,3.534398791097668,"(2R)-2-(benzylazaniumyl)-4-(2,3-dichloroanilino)-4-oxobutanoate",[O][=C][Branch2][Ring1][Ring2][C][C@@H1][Branch1][O][NH2+1][C][C][=C][C][=C][C][=C][Ring1][=Branch1][C][=Branch1][C][=O][O-1][N][C][=C][C][=C][C][Branch1][C][Cl][=C][Ring1][#Branch1][Cl],367.2320000000001,1.2041000000000002,85.84,2,3,7
Cc1[nH]ncc1C(=O)N[C@H]1CCN(C(=O)C2CCCCC2)C1,1.62912,0.898263061331,2.7276110434907306,N-[(3S)-1-(cyclohexanecarbonyl)pyrrolidin-3-yl]-5-methyl-1H-pyrazole-4-carboxamide,[C][C][NH1][N][=C][C][=Ring1][Branch1][C][=Branch1][C][=O][N][C@H1][C][C][N][Branch1][=N][C][=Branch1][C][=O][C][C][C][C][C][C][Ring1][=Branch1][C][Ring1][=N],304.3940000000001,1.629119999999999,78.09,2,3,3
COC(=O)c1ccccc1NC(=O)c1ccc(Cl)cc1I,3.9835,0.588003491697,1.843148925471958,methyl 2-[(4-chloro-2-iodobenzoyl)amino]benzoate,[C][O][C][=Branch1][C][=O][C][=C][C][=C][C][=C][Ring1][=Branch1][N][C][=Branch1][C][=O][C][=C][C][=C][Branch1][C][Cl][C][=C][Ring1][#Branch1][I],415.614,3.983500000000002,55.4,1,3,3
CC1CC[NH+](CC(=O)NCC(=O)Nc2ccc(F)c(F)c2F)CC1,0.4734,0.694406818584,3.436904132661347,"2-[[2-(4-methylpiperidin-1-ium-1-yl)acetyl]amino]-N-(2,3,4-trifluorophenyl)acetamide",[C][C][C][C][NH1+1][Branch2][Ring1][N][C][C][=Branch1][C][=O][N][C][C][=Branch1][C][=O][N][C][=C][C][=C][Branch1][C][F][C][Branch1][C][F][=C][Ring1][Branch2][F][C][C][Ring2][Ring1][#Branch1],344.3570000000001,0.4733999999999992,62.64,3,2,5
COc1cccc(NC(=O)C[NH+]2CCc3ccccc3C2)c1,1.2749,0.902815151035,3.4511372454138094,"N-(3-methoxyphenyl)-2-(1,2,3,4-tetrahydroisoquinolin-2-ium-2-yl)acetamide",[C][O][C][=C][C][=C][C][Branch2][Ring1][Branch1][N][C][=Branch1][C][=O][C][NH1+1][C][C][C][=C][C][=C][C][=C][Ring1][=Branch1][C][Ring1][#Branch2][=C][Ring2][Ring1][Ring2],297.37800000000004,1.2748999999999997,42.769999999999996,2,2,4
C[C@@]1(c2ccccc2F)NC(=O)N(Cc2cccc(C#N)c2)C1=O,2.66458,0.8792716164740001,2.6181140609024887,"3-[[(4S)-4-(2-fluorophenyl)-4-methyl-2,5-dioxoimidazolidin-1-yl]methyl]benzonitrile",[C][C@@][Branch1][#Branch2][C][=C][C][=C][C][=C][Ring1][=Branch1][F][N][C][=Branch1][C][=O][N][Branch1][=C][C][C][=C][C][=C][C][Branch1][Ring1][C][#N][=C][Ring1][Branch2][C][Ring2][Ring1][=Branch1][=O],323.32700000000006,2.664580000000001,73.2,1,3,3
CC(=O)Cn1c(=O)c2c(nc3n(-c4ccc(F)cc4)c(C)cn23)n(C)c1=O,1.1751200000000002,0.54959987124,2.6127428017548624,"6-(4-fluorophenyl)-4,7-dimethyl-2-(2-oxopropyl)purino[7,8-a]imidazole-1,3-dione",[C][C][=Branch1][C][=O][C][N][C][=Branch1][C][=O][C][=C][Branch2][Ring1][O][N][=C][N][Branch1][N][C][=C][C][=C][Branch1][C][F][C][=C][Ring1][#Branch1][C][Branch1][C][C][=C][N][Ring1][S][Ring1][=N][N][Branch1][C][C][C][Ring2][Ring1][=Branch1][=O],369.3560000000001,1.17512,83.29999999999998,0,8,3
O=C(c1ccc(F)cc1)N1CC[NH+](CCCc2ccccc2)CC1,1.7992,0.8961645721870001,2.934917639154853,(4-fluorophenyl)-[4-(3-phenylpropyl)piperazin-4-ium-1-yl]methanone,[O][=C][Branch1][N][C][=C][C][=C][Branch1][C][F][C][=C][Ring1][#Branch1][N][C][C][NH1+1][Branch1][N][C][C][C][C][=C][C][=C][C][=C][Ring1][=Branch1][C][C][Ring1][#C],327.423,1.7991999999999997,24.750000000000004,1,1,5
O=C(COc1ccccc1F)Nc1c(C(=O)Nc2ccccc2F)oc2ccccc12,4.9808,0.439975248487,2.0862782930578856,3-[[2-(2-fluorophenoxy)acetyl]amino]-N-(2-fluorophenyl)-1-benzofuran-2-carboxamide,[O][=C][Branch1][N][C][O][C][=C][C][=C][C][=C][Ring1][=Branch1][F][N][C][=C][Branch1][#C][C][=Branch1][C][=O][N][C][=C][C][=C][C][=C][Ring1][=Branch1][F][O][C][=C][C][=C][C][=C][Ring2][Ring1][Ring1][Ring1][=Branch1],422.38700000000006,4.980800000000003,80.57,2,4,6
O=S(=O)(/N=C1/CCCN1)c1cccc(/N=C/c2cc(Cl)ccc2O)c1,3.2668,0.786543627937,3.082048635959957,"3-[(5-chloro-2-hydroxyphenyl)methylideneamino]-N-(3,4-dihydro-2H-pyrrol-5-yl)benzenesulfonamide",[O][=S][=Branch1][C][=O][Branch1][=Branch2][/N][=C][/C][C][C][N][Ring1][Branch1][C][=C][C][=C][C][Branch1][#C][/N][=C][/C][=C][C][Branch1][C][Cl][=C][C][=C][Ring1][#Branch1][O][=C][Ring1][S],377.85300000000007,3.2668000000000017,91.12,2,4,4
CN(Cc1nc2ccccc2c(=O)[nH]1)C(=O)Cc1ccc2c(c1)OCCO2,1.8954,0.768003500827,2.3351283287019267,"2-(2,3-dihydro-1,4-benzodioxin-6-yl)-N-methyl-N-[(4-oxo-3H-quinazolin-2-yl)methyl]acetamide",[C][N][Branch2][Ring1][Ring1][C][C][=N][C][=C][C][=C][C][=C][Ring1][=Branch1][C][=Branch1][C][=O][NH1][Ring1][O][C][=Branch1][C][=O][C][C][=C][C][=C][C][=Branch1][Ring2][=C][Ring1][=Branch1][O][C][C][O][Ring1][#Branch1],365.3890000000001,1.8954,84.52000000000001,1,5,4
Cc1nc(Oc2cccnc2)c2c(-c3ccccc3)csc2n1,4.8540199999999984,0.517613116944,2.244329139489672,"2-methyl-5-phenyl-4-pyridin-3-yloxythieno[2,3-d]pyrimidine",[C][C][=N][C][Branch1][#Branch2][O][C][=C][C][=C][N][=C][Ring1][=Branch1][=C][C][Branch1][=Branch2][C][=C][C][=C][C][=C][Ring1][=Branch1][=C][S][C][Ring1][O][=N][Ring2][Ring1][=Branch1],319.389,4.854020000000003,47.900000000000006,0,5,3
CC(=O)OCC1(COC(C)=O)CC[C@H]2O[C@H]2C1,1.0503,0.551721844051,3.692107140748632,"[(1S,6R)-3-(acetyloxymethyl)-7-oxabicyclo[4.1.0]heptan-3-yl]methyl acetate",[C][C][=Branch1][C][=O][O][C][C][Branch1][Branch2][C][O][C][Branch1][C][C][=O][C][C][C@H1][O][C@H1][Ring1][Ring1][C][Ring1][N],242.27099999999996,1.0503,65.13,0,5,4
O=C(NC[C@@H]1CN(Cc2ccccc2)CCO1)C1=NN(c2ccccc2)C(=O)CC1,2.1866,0.80057610006,2.7580417889722337,"N-[[(2R)-4-benzylmorpholin-2-yl]methyl]-6-oxo-1-phenyl-4,5-dihydropyridazine-3-carboxamide",[O][=C][Branch2][Ring1][=Branch1][N][C][C@@H1][C][N][Branch1][#Branch2][C][C][=C][C][=C][C][=C][Ring1][=Branch1][C][C][O][Ring1][=N][C][=N][N][Branch1][=Branch2][C][=C][C][=C][C][=C][Ring1][=Branch1][C][=Branch1][C][=O][C][C][Ring1][=N],406.48600000000016,2.1865999999999985,74.24000000000001,1,5,6
CNc1nc2ncnc(N(C)C)c2[nH]1,0.4606,0.738049414575,2.9859480413134403,"6-N,6-N,8-N-trimethyl-7H-purine-6,8-diamine",[C][N][C][=N][C][=N][C][=N][C][Branch1][=Branch1][N][Branch1][C][C][C][=C][Ring1][=Branch2][NH1][Ring1][N],192.226,0.46059999999999995,69.73,2,5,2
CC(=O)c1cccc(NC(=O)[C@@H](C)n2c(=O)cc(C)c3c(C)nn(-c4ccccc4)c32)c1,4.20634,0.463598166003,2.829022635268624,"(2R)-N-(3-acetylphenyl)-2-(3,4-dimethyl-6-oxo-1-phenylpyrazolo[5,4-b]pyridin-7-yl)propanamide",[C][C][=Branch1][C][=O][C][=C][C][=C][C][Branch2][Ring2][O][N][C][=Branch1][C][=O][C@@H1][Branch1][C][C][N][C][=Branch1][C][=O][C][=C][Branch1][C][C][C][C][Branch1][C][C][=N][N][Branch1][=Branch2][C][=C][C][=C][C][=C][Ring1][=Branch1][C][=Ring1][N][Ring2][Ring1][C][=C][Ring2][Ring1][=N],428.49200000000013,4.2063400000000035,85.99000000000001,1,6,5
COc1ccccc1N[C@H](C)C(=O)NC(C)(C)C,2.4103,0.862608893271,2.29827234306512,(2R)-N-tert-butyl-2-(2-methoxyanilino)propanamide,[C][O][C][=C][C][=C][C][=C][Ring1][=Branch1][N][C@H1][Branch1][C][C][C][=Branch1][C][=O][N][C][Branch1][C][C][Branch1][C][C][C],250.34199999999998,2.4103000000000003,50.36,2,3,4
Cc1csc(=O)n1CC(=O)N1CCc2sccc2[C@@H]1c1ccccc1,3.45402,0.693498476638,2.864533153249848,"4-methyl-3-[2-oxo-2-[(4S)-4-phenyl-6,7-dihydro-4H-thieno[3,2-c]pyridin-5-yl]ethyl]-1,3-thiazol-2-one",[C][C][=C][S][C][=Branch1][C][=O][N][Ring1][=Branch1][C][C][=Branch1][C][=O][N][C][C][C][S][C][=C][C][=Ring1][Branch1][C@@H1][Ring1][=Branch2][C][=C][C][=C][C][=C][Ring1][=Branch1],370.499,3.4540200000000025,42.31,0,5,3
Cc1ccc(NC(=O)Nc2cc(N3CCC(C)CC3)ncn2)cc1F,3.80442,0.862004930569,2.217586447444249,1-(3-fluoro-4-methylphenyl)-3-[6-(4-methylpiperidin-1-yl)pyrimidin-4-yl]urea,[C][C][=C][C][=C][Branch2][Ring1][N][N][C][=Branch1][C][=O][N][C][=C][C][Branch1][N][N][C][C][C][Branch1][C][C][C][C][Ring1][#Branch1][=N][C][=N][Ring1][=N][C][=C][Ring2][Ring1][#Branch1][F],343.40600000000006,3.804420000000003,70.15,2,4,3
O=C(CCCn1nc(-c2ccccc2)c2cc(Cl)ccc21)NC1CC1,4.4155,0.6823392502169999,2.080214697715105,4-(5-chloro-3-phenylindazol-1-yl)-N-cyclopropylbutanamide,[O][=C][Branch2][Ring1][=C][C][C][C][N][N][=C][Branch1][=Branch2][C][=C][C][=C][C][=C][Ring1][=Branch1][C][=C][C][Branch1][C][Cl][=C][C][=C][Ring1][#Branch1][Ring1][S][N][C][C][C][Ring1][Ring1],353.8530000000001,4.415500000000003,46.92,1,3,6
O=C(C[C@@H]1C=CS(=O)(=O)C1)NN(c1ccccc1)c1ccccc1,2.8043,0.8433016977,3.0627412260799467,"2-[(3R)-1,1-dioxo-2,3-dihydrothiophen-3-yl]-N',N'-diphenylacetohydrazide",[O][=C][Branch1][#C][C][C@@H1][C][=C][S][=Branch1][C][=O][=Branch1][C][=O][C][Ring1][#Branch1][N][N][Branch1][=Branch2][C][=C][C][=C][C][=C][Ring1][=Branch1][C][=C][C][=C][C][=C][Ring1][=Branch1],342.4200000000001,2.8043000000000005,66.48,1,4,5
Cc1cccc(-c2noc(-c3ccccc3OCC(=O)Nc3ccc([N+](=O)[O-])cc3)n2)c1,4.63772,0.320060497276,2.1305528795196818,"2-[2-[3-(3-methylphenyl)-1,2,4-oxadiazol-5-yl]phenoxy]-N-(4-nitrophenyl)acetamide",[C][C][=C][C][=C][C][Branch2][Ring2][#Branch2][C][=N][O][C][Branch2][Ring1][#C][C][=C][C][=C][C][=C][Ring1][=Branch1][O][C][C][=Branch1][C][=O][N][C][=C][C][=C][Branch1][=Branch1][N+1][=Branch1][C][=O][O-1][C][=C][Ring1][=Branch2][=N][Ring2][Ring1][=Branch2][=C][Ring2][Ring1][#C],430.42000000000013,4.637720000000003,120.39,1,7,7
CC[C@@H](NC(=O)c1nc2ccccc2c(=O)[nH]1)c1nc(C)c(C)s1,2.87754,0.757031207864,3.0333746808795263,"N-[(1R)-1-(4,5-dimethyl-1,3-thiazol-2-yl)propyl]-4-oxo-3H-quinazoline-2-carboxamide",[C][C][C@@H1][Branch2][Ring1][#Branch1][N][C][=Branch1][C][=O][C][=N][C][=C][C][=C][C][=C][Ring1][=Branch1][C][=Branch1][C][=O][NH1][Ring1][O][C][=N][C][Branch1][C][C][=C][Branch1][C][C][S][Ring1][#Branch1],342.4240000000001,2.8775400000000007,87.74,2,5,4
CC(C)(C)c1ccc(C(=O)C[C@H](C(=O)[O-])[NH+]2CCCC2)cc1,0.3541,0.816672589275,4.171237197336885,(2R)-4-(4-tert-butylphenyl)-4-oxo-2-pyrrolidin-1-ium-1-ylbutanoate,[C][C][Branch1][C][C][Branch1][C][C][C][=C][C][=C][Branch2][Ring1][Branch1][C][=Branch1][C][=O][C][C@H1][Branch1][=Branch1][C][=Branch1][C][=O][O-1][NH1+1][C][C][C][C][Ring1][Branch1][C][=C][Ring2][Ring1][C],303.40200000000004,0.3541000000000012,61.64,1,3,5
COC(=O)c1cncn1C1CC1,1.0046,0.624223872766,2.4390912117574874,methyl 3-cyclopropylimidazole-4-carboxylate,[C][O][C][=Branch1][C][=O][C][=C][N][=C][N][Ring1][Branch1][C][C][C][Ring1][Ring1],166.17999999999998,1.0046,44.12,0,4,2
Nc1ccc(OCCCN2CCCCCC2=O)cc1,2.4403,0.654563133278,1.9117974749930475,1-[3-(4-aminophenoxy)propyl]azepan-2-one,[N][C][=C][C][=C][Branch1][#C][O][C][C][C][N][C][C][C][C][C][C][Ring1][#Branch1][=O][C][=C][Ring2][Ring1][C],262.35299999999995,2.4403000000000006,55.56,1,3,5
CCCSc1nnc(NC(=O)c2cc(-c3ccc(C)cc3)on2)s1,4.25592,0.50135324241,2.2887217672007214,"5-(4-methylphenyl)-N-(5-propylsulfanyl-1,3,4-thiadiazol-2-yl)-1,2-oxazole-3-carboxamide",[C][C][C][S][C][=N][N][=C][Branch2][Ring1][#Branch2][N][C][=Branch1][C][=O][C][C][=C][Branch1][N][C][=C][C][=C][Branch1][C][C][C][=C][Ring1][#Branch1][O][N][=Ring1][N][S][Ring2][Ring1][Ring2],360.46400000000006,4.255920000000002,80.91000000000001,1,7,6
COC(=O)c1ccc(NC(=O)c2cc(S(=O)(=O)N3CCCC3)cn2C)cc1,1.8485,0.789873521209,2.0840982695303296,methyl 4-[(1-methyl-4-pyrrolidin-1-ylsulfonylpyrrole-2-carbonyl)amino]benzoate,[C][O][C][=Branch1][C][=O][C][=C][C][=C][Branch2][Ring1][=C][N][C][=Branch1][C][=O][C][=C][C][Branch1][#C][S][=Branch1][C][=O][=Branch1][C][=O][N][C][C][C][C][Ring1][Branch1][=C][N][Ring1][=N][C][C][=C][Ring2][Ring1][#Branch1],391.4490000000002,1.8484999999999998,97.70999999999998,1,6,5
COc1ccccc1CCC(=O)Nc1nc(-c2ccccn2)cs1,3.785,0.719814553022,1.9874451116823248,"3-(2-methoxyphenyl)-N-(4-pyridin-2-yl-1,3-thiazol-2-yl)propanamide",[C][O][C][=C][C][=C][C][=C][Ring1][=Branch1][C][C][C][=Branch1][C][=O][N][C][=N][C][Branch1][=Branch2][C][=C][C][=C][C][=N][Ring1][=Branch1][=C][S][Ring1][O],339.42,3.785000000000002,64.11,1,5,6
C=CCN1C(=O)S/C(=C\c2ccc(OC(C)C)c(Cl)c2)C1=O,4.3495,0.566842828461,2.369559511032912,"(5Z)-5-[(3-chloro-4-propan-2-yloxyphenyl)methylidene]-3-prop-2-enyl-1,3-thiazolidine-2,4-dione",[C][=C][C][N][C][=Branch1][C][=O][S][/C][=Branch2][Ring1][Branch1][=C][\C][=C][C][=C][Branch1][#Branch1][O][C][Branch1][C][C][C][C][Branch1][C][Cl][=C][Ring1][O][C][Ring2][Ring1][C][=O],337.82800000000003,4.349500000000003,46.61,0,4,5
CCCn1nnnc1CSc1nnc(-c2ccccc2OC)o1,2.434,0.609080699916,2.3962325399083912,"2-(2-methoxyphenyl)-5-[(1-propyltetrazol-5-yl)methylsulfanyl]-1,3,4-oxadiazole",[C][C][C][N][N][=N][N][=C][Ring1][Branch1][C][S][C][=N][N][=C][Branch1][O][C][=C][C][=C][C][=C][Ring1][=Branch1][O][C][O][Ring1][=N],332.3890000000001,2.434,91.75,0,9,7
CC[NH+]1CCN([C@H](C)CNC(=O)c2cc(-c3ccc(C)c(C)c3)on2)CC1,1.29714,0.8126120464579999,3.805380449761429,"5-(3,4-dimethylphenyl)-N-[(2R)-2-(4-ethylpiperazin-4-ium-1-yl)propyl]-1,2-oxazole-3-carboxamide",[C][C][NH1+1][C][C][N][Branch2][Ring2][C][C@H1][Branch1][C][C][C][N][C][=Branch1][C][=O][C][C][=C][Branch1][#C][C][=C][C][=C][Branch1][C][C][C][Branch1][C][C][=C][Ring1][Branch2][O][N][=Ring1][=N][C][C][Ring2][Ring1][=Branch2],371.5050000000002,1.2971400000000015,62.81,2,4,6
CN(CC(=O)Nc1ccccc1Cl)C(=O)/C=C/c1cccc(Br)c1,4.2128,0.724768673603,2.038635789064644,(E)-3-(3-bromophenyl)-N-[2-(2-chloroanilino)-2-oxoethyl]-N-methylprop-2-enamide,[C][N][Branch1][S][C][C][=Branch1][C][=O][N][C][=C][C][=C][C][=C][Ring1][=Branch1][Cl][C][=Branch1][C][=O][/C][=C][/C][=C][C][=C][C][Branch1][C][Br][=C][Ring1][#Branch1],407.69500000000005,4.212800000000003,49.410000000000004,1,2,5
Cc1nnsc1-c1nnc2sc(C(F)(F)F)nn12,2.03152,0.689443352306,3.218254195222684,"3-(4-methylthiadiazol-5-yl)-6-(trifluoromethyl)-[1,2,4]triazolo[3,4-b][1,3,4]thiadiazole",[C][C][N][=N][S][C][=Ring1][Branch1][C][=N][N][=C][S][C][Branch1][=Branch2][C][Branch1][C][F][Branch1][C][F][F][=N][N][Ring1][N][Ring1][=Branch2],292.27099999999996,2.0315199999999995,68.86,0,8,1
CCN1CCN(C(=O)CCc2ccc(OC)cc2)CC1,1.7919,0.82765251354,1.6779360383064166,1-(4-ethylpiperazin-1-yl)-3-(4-methoxyphenyl)propan-1-one,[C][C][N][C][C][N][Branch2][Ring1][Ring1][C][=Branch1][C][=O][C][C][C][=C][C][=C][Branch1][Ring1][O][C][C][=C][Ring1][Branch2][C][C][Ring2][Ring1][C],276.38000000000005,1.7918999999999998,32.78,0,3,5
COCCN1C(=O)c2ccccc2N[C@@H]1c1ccccc1Cl,3.5529,0.915149737959,2.6078176368973254,"(2S)-2-(2-chlorophenyl)-3-(2-methoxyethyl)-1,2-dihydroquinazolin-4-one",[C][O][C][C][N][C][=Branch1][C][=O][C][=C][C][=C][C][=C][Ring1][=Branch1][N][C@@H1][Ring1][O][C][=C][C][=C][C][=C][Ring1][=Branch1][Cl],316.788,3.552900000000002,41.57,1,3,4
Cc1ccc(-c2noc(CSc3nc(C4CC4)n(-c4ccccc4)n3)n2)cc1,4.79542,0.422054123395,2.3305120474769225,"5-[(5-cyclopropyl-1-phenyl-1,2,4-triazol-3-yl)sulfanylmethyl]-3-(4-methylphenyl)-1,2,4-oxadiazole",[C][C][=C][C][=C][Branch2][Ring2][=Branch1][C][=N][O][C][Branch2][Ring1][O][C][S][C][N][=C][Branch1][=Branch1][C][C][C][Ring1][Ring1][N][Branch1][=Branch2][C][=C][C][=C][C][=C][Ring1][=Branch1][N][=Ring1][=C][=N][Ring2][Ring1][Branch1][C][=C][Ring2][Ring1][O],389.48400000000004,4.7954200000000045,69.63,0,7,6
Cc1ccccc1Cn1cccc(C(=O)Nc2ccc(F)cc2)c1=O,3.59642,0.771559787301,1.847599665212396,N-(4-fluorophenyl)-1-[(2-methylphenyl)methyl]-2-oxopyridine-3-carboxamide,[C][C][=C][C][=C][C][=C][Ring1][=Branch1][C][N][C][=C][C][=C][Branch1][P][C][=Branch1][C][=O][N][C][=C][C][=C][Branch1][C][F][C][=C][Ring1][#Branch1][C][Ring1][S][=O],336.3660000000001,3.596420000000002,51.1,1,3,4
C[C@H]1Cc2ccccc2N1C(=O)CN1C(=O)N[C@]2(CCCCc3ccccc32)C1=O,3.1379,0.7729875982459999,3.5623331880099984,"(5S)-3'-[2-[(2S)-2-methyl-2,3-dihydroindol-1-yl]-2-oxoethyl]spiro[6,7,8,9-tetrahydrobenzo[7]annulene-5,5'-imidazolidine]-2',4'-dione",[C][C@H1][C][C][=C][C][=C][C][=C][Ring1][=Branch1][N][Ring1][=Branch2][C][=Branch1][C][=O][C][N][C][=Branch1][C][=O][N][C@][Branch1][#C][C][C][C][C][C][=C][C][=C][C][=C][Ring1][=Branch1][Ring1][O][C][Ring1][S][=O],403.4820000000002,3.137900000000002,69.72,1,3,2
Cc1nnc(NCCC(=O)N2C[C@H](C)O[C@@H](C)C2)c(C#N)c1C,1.4029200000000002,0.911873520795,3.3541648069812786,"3-[[3-[(2S,6S)-2,6-dimethylmorpholin-4-yl]-3-oxopropyl]amino]-5,6-dimethylpyridazine-4-carbonitrile",[C][C][=N][N][=C][Branch2][Ring1][=Branch1][N][C][C][C][=Branch1][C][=O][N][C][C@H1][Branch1][C][C][O][C@@H1][Branch1][C][C][C][Ring1][Branch2][C][Branch1][Ring1][C][#N][=C][Ring2][Ring1][Branch1][C],317.3930000000001,1.40292,91.14000000000001,1,6,4
O=C(c1cncc(Br)c1)N1CCN(c2cccc[nH+]2)CC1,1.6206,0.836037734367,3.1892108335469223,(5-bromo-3-pyridinyl)-(4-pyridin-1-ium-2-ylpiperazin-1-yl)methanone,[O][=C][Branch1][N][C][=C][N][=C][C][Branch1][C][Br][=C][Ring1][#Branch1][N][C][C][N][Branch1][=Branch2][C][=C][C][=C][C][=NH1+1][Ring1][=Branch1][C][C][Ring1][N],348.22400000000005,1.6205999999999998,50.580000000000005,0,3,2
COc1ccc(OC)c(-c2csc(=O)[nH]2)c1,2.1206,0.8925880689799999,2.350173090732948,"4-(2,5-dimethoxyphenyl)-3H-1,3-thiazol-2-one",[C][O][C][=C][C][=C][Branch1][Ring1][O][C][C][Branch1][O][C][=C][S][C][=Branch1][C][=O][NH1][Ring1][=Branch1][=C][Ring1][=C],237.28,2.1205999999999996,51.32,1,4,3
COc1ccc(-c2cc(-c3cc(OC)ccc3OC)n3ncnc3n2)cc1,3.4841,0.5292911361079999,2.2435626482285524,"7-(2,5-dimethoxyphenyl)-5-(4-methoxyphenyl)-[1,2,4]triazolo[1,5-a]pyrimidine",[C][O][C][=C][C][=C][Branch2][Ring1][#C][C][C][=C][Branch1][#C][C][=C][C][Branch1][Ring1][O][C][=C][C][=C][Ring1][Branch2][O][C][N][N][=C][N][=C][Ring1][Branch1][N][=Ring2][Ring1][Ring1][C][=C][Ring2][Ring1][=Branch2],362.389,3.4841000000000015,70.77000000000001,0,7,5
Nc1cccc(C(=O)N2CCCC2)c1,1.5048,0.688643290519,1.6233682779998304,(3-aminophenyl)-pyrrolidin-1-ylmethanone,[N][C][=C][C][=C][C][Branch1][N][C][=Branch1][C][=O][N][C][C][C][C][Ring1][Branch1][=C][Ring1][=N],190.24599999999995,1.5048000000000001,46.330000000000005,1,2,1
Cc1ccccc1C(=O)N[C@H](C(=O)N1CCC(c2nc3ccccc3s2)CC1)C(C)C,4.76532,0.600456936726,2.6515426136825955,"N-[(2S)-1-[4-(1,3-benzothiazol-2-yl)piperidin-1-yl]-3-methyl-1-oxobutan-2-yl]-2-methylbenzamide",[C][C][=C][C][=C][C][=C][Ring1][=Branch1][C][=Branch1][C][=O][N][C@H1][Branch2][Ring1][N][C][=Branch1][C][=O][N][C][C][C][Branch1][=C][C][=N][C][=C][C][=C][C][=C][Ring1][=Branch1][S][Ring1][=Branch2][C][C][Ring1][#C][C][Branch1][C][C][C],435.5930000000002,4.765320000000004,62.300000000000004,1,4,5
COc1ccc(C(=O)NCCc2ccc(S(N)(=O)=O)cc2)cc1F,1.4542,0.830265373829,1.805269167626383,3-fluoro-4-methoxy-N-[2-(4-sulfamoylphenyl)ethyl]benzamide,[C][O][C][=C][C][=C][Branch2][Ring1][#Branch2][C][=Branch1][C][=O][N][C][C][C][=C][C][=C][Branch1][=Branch2][S][Branch1][C][N][=Branch1][C][=O][=O][C][=C][Ring1][#Branch2][C][=C][Ring2][Ring1][Branch1][F],352.38700000000006,1.4542000000000002,98.48999999999998,2,4,6
CCN(CC)C(=O)N1CCC[C@H]1c1nc(-c2ccncc2)n[nH]1,2.4654,0.939462317753,3.0055896970400457,"(2S)-N,N-diethyl-2-(3-pyridin-4-yl-1H-1,2,4-triazol-5-yl)pyrrolidine-1-carboxamide",[C][C][N][Branch1][Ring1][C][C][C][=Branch1][C][=O][N][C][C][C][C@H1][Ring1][Branch1][C][=N][C][Branch1][=Branch2][C][=C][C][=N][C][=C][Ring1][=Branch1][=N][NH1][Ring1][O],314.393,2.4654,78.01,1,4,4
Cc1ccc(O)c(-n2cc3c(c2-c2cccc(Br)c2)c(=O)n(C)c(=O)n3C)c1,3.47142,0.507949634762,2.584621930277049,"5-(3-bromophenyl)-6-(2-hydroxy-5-methylphenyl)-1,3-dimethylpyrrolo[3,4-d]pyrimidine-2,4-dione",[C][C][=C][C][=C][Branch1][C][O][C][Branch2][Ring2][Branch1][N][C][=C][C][=Branch1][#C][=C][Ring1][Branch1][C][=C][C][=C][C][Branch1][C][Br][=C][Ring1][#Branch1][C][=Branch1][C][=O][N][Branch1][C][C][C][=Branch1][C][=O][N][Ring1][P][C][=C][Ring2][Ring1][O],440.29700000000014,3.471420000000003,69.16,1,6,2
[NH3+]Cc1cccc(-c2nnco2)c1,0.4785,0.7380059530509999,3.1036413694420246,"[3-(1,3,4-oxadiazol-2-yl)phenyl]methylazanium",[NH3+1][C][C][=C][C][=C][C][Branch1][Branch2][C][=N][N][=C][O][Ring1][Branch1][=C][Ring1][O],176.19899999999998,0.47849999999999954,66.56,1,3,2
Cc1ccc(Cl)cc1NC(=O)CSc1nnc(C)n1-c1ccccc1C,4.57676,0.623203994448,2.011669742361448,"N-(5-chloro-2-methylphenyl)-2-[[5-methyl-4-(2-methylphenyl)-1,2,4-triazol-3-yl]sulfanyl]acetamide",[C][C][=C][C][=C][Branch1][C][Cl][C][=C][Ring1][#Branch1][N][C][=Branch1][C][=O][C][S][C][=N][N][=C][Branch1][C][C][N][Ring1][=Branch1][C][=C][C][=C][C][=C][Ring1][=Branch1][C],386.90800000000013,4.576760000000003,59.81,1,5,5
Cc1ccccc1CN1CCN(CC(=O)NCc2ccco2)C1=O,2.14202,0.8870331025020001,2.206864911013429,N-(furan-2-ylmethyl)-2-[3-[(2-methylphenyl)methyl]-2-oxoimidazolidin-1-yl]acetamide,[C][C][=C][C][=C][C][=C][Ring1][=Branch1][C][N][C][C][N][Branch1][#C][C][C][=Branch1][C][=O][N][C][C][=C][C][=C][O][Ring1][Branch1][C][Ring1][#C][=O],327.384,2.1420199999999996,65.78999999999999,1,3,6
CCC1(C)COC2(OC1)C(=O)N(CN1CCN(c3ccccc3F)CC1)c1ccccc12,3.5679,0.7113042355779999,3.2534271878972363,"5-ethyl-1'-[[4-(2-fluorophenyl)piperazin-1-yl]methyl]-5-methylspiro[1,3-dioxane-2,3'-indole]-2'-one",[C][C][C][Branch1][C][C][C][O][C][Branch1][Branch1][O][C][Ring1][#Branch1][C][=Branch1][C][=O][N][Branch2][Ring1][Branch1][C][N][C][C][N][Branch1][#Branch2][C][=C][C][=C][C][=C][Ring1][=Branch1][F][C][C][Ring1][=N][C][=C][C][=C][C][=C][Ring1][=Branch1][Ring2][Ring1][#Branch2],439.5310000000001,3.5679000000000016,45.25000000000001,0,5,4
O=C(c1cscn1)N1C[C@H]2CCCC[C@H]2C1,2.4053,0.750073288923,3.1697739769732656,"[(3aS,7aR)-1,3,3a,4,5,6,7,7a-octahydroisoindol-2-yl]-(1,3-thiazol-4-yl)methanone",[O][=C][Branch1][Branch2][C][=C][S][C][=N][Ring1][Branch1][N][C][C@H1][C][C][C][C][C@H1][Ring1][=Branch1][C][Ring1][=Branch2],236.33999999999995,2.4053000000000004,33.2,0,3,1
COc1ccc2nc(CC(=O)C(F)(F)F)sc2c1,2.9788,0.8555293514200001,2.323502396164597,"1,1,1-trifluoro-3-(6-methoxy-1,3-benzothiazol-2-yl)propan-2-one",[C][O][C][=C][C][=C][N][=C][Branch1][=C][C][C][=Branch1][C][=O][C][Branch1][C][F][Branch1][C][F][F][S][C][Ring1][N][=C][Ring1][S],275.251,2.9788000000000014,39.19,0,4,3
C[C@H](Oc1ccc(F)cc1F)c1ccnc2ncnn12,2.5425,0.736012595323,2.966073117322942,"7-[(1S)-1-(2,4-difluorophenoxy)ethyl]-[1,2,4]triazolo[1,5-a]pyrimidine",[C][C@H1][Branch1][=C][O][C][=C][C][=C][Branch1][C][F][C][=C][Ring1][#Branch1][F][C][=C][C][=N][C][=N][C][=N][N][Ring1][=Branch2][Ring1][Branch1],276.246,2.5425000000000004,52.31,0,5,3
Cc1ccc(NC(=O)CCc2ccccc2Cl)nc1,3.61472,0.901645004648,1.7963438153193891,3-(2-chlorophenyl)-N-(5-methyl-2-pyridinyl)propanamide,[C][C][=C][C][=C][Branch1][P][N][C][=Branch1][C][=O][C][C][C][=C][C][=C][C][=C][Ring1][=Branch1][Cl][N][=C][Ring2][Ring1][C],274.75100000000003,3.614720000000002,41.99,1,2,4
Cc1ccc(NC(=O)C2CCN(C(=O)c3ccccc3Cl)CC2)c(C)c1,4.4477400000000005,0.829925066198,1.7870073609072854,"1-(2-chlorobenzoyl)-N-(2,4-dimethylphenyl)piperidine-4-carboxamide",[C][C][=C][C][=C][Branch2][Ring1][=N][N][C][=Branch1][C][=O][C][C][C][N][Branch1][=C][C][=Branch1][C][=O][C][=C][C][=C][C][=C][Ring1][=Branch1][Cl][C][C][Ring1][#C][C][Branch1][C][C][=C][Ring2][Ring1][=Branch2],370.8800000000001,4.447740000000004,49.410000000000004,1,2,3
C[C@@H](NC(=O)c1ccccc1NC(=O)Cn1ccc([N+](=O)[O-])n1)c1ccccc1,2.9210000000000003,0.468325424133,2.5958599248983703,2-[[2-(3-nitropyrazol-1-yl)acetyl]amino]-N-[(1R)-1-phenylethyl]benzamide,[C][C@@H1][Branch2][Ring2][C][N][C][=Branch1][C][=O][C][=C][C][=C][C][=C][Ring1][=Branch1][N][C][=Branch1][C][=O][C][N][C][=C][C][Branch1][=Branch1][N+1][=Branch1][C][=O][O-1][=N][Ring1][Branch2][C][=C][C][=C][C][=C][Ring1][=Branch1],393.4030000000001,2.921000000000001,119.16000000000001,2,6,7
Cc1cnc(C(=O)N2CCC([C@@H](O)c3ccccc3)CC2)cn1,2.37082,0.945496778421,2.64445473200508,[4-[(R)-hydroxy(phenyl)methyl]piperidin-1-yl]-(5-methylpyrazin-2-yl)methanone,[C][C][=C][N][=C][Branch2][Ring1][O][C][=Branch1][C][=O][N][C][C][C][Branch1][=N][C@@H1][Branch1][C][O][C][=C][C][=C][C][=C][Ring1][=Branch1][C][C][Ring1][=C][C][=N][Ring2][Ring1][=Branch1],311.3850000000001,2.37082,66.32000000000001,1,4,3
O=C(CSc1nnc2ccc(-c3cccnc3)nn12)c1cccc([N+](=O)[O-])c1,3.0695,0.210144352998,2.412523783978901,"1-(3-nitrophenyl)-2-[(6-pyridin-3-yl-[1,2,4]triazolo[4,3-b]pyridazin-3-yl)sulfanyl]ethanone",[O][=C][Branch2][Ring1][#Branch2][C][S][C][=N][N][=C][C][=C][C][Branch1][=Branch2][C][=C][C][=C][N][=C][Ring1][=Branch1][=N][N][Ring1][#C][Ring1][N][C][=C][C][=C][C][Branch1][=Branch1][N+1][=Branch1][C][=O][O-1][=C][Ring1][=Branch2],392.40000000000015,3.0695000000000014,116.18,0,9,6
Cn1c(SCc2ccccc2F)nnc1-c1ccccc1,3.9135,0.661524358821,1.836448412361552,"3-[(2-fluorophenyl)methylsulfanyl]-4-methyl-5-phenyl-1,2,4-triazole",[C][N][C][Branch1][N][S][C][C][=C][C][=C][C][=C][Ring1][=Branch1][F][=N][N][=C][Ring1][=C][C][=C][C][=C][C][=C][Ring1][=Branch1],299.374,3.9135000000000026,30.71,0,4,4
N#Cc1ccc([C@H]2N(Cc3ccccc3)CC[NH+]2Cc2ccccc2)cc1,3.15778,0.752509179927,3.658610776065247,"4-[(2S)-1,3-dibenzylimidazolidin-1-ium-2-yl]benzonitrile",[N][#C][C][=C][C][=C][Branch2][Ring1][N][C@H1][N][Branch1][#Branch2][C][C][=C][C][=C][C][=C][Ring1][=Branch1][C][C][NH1+1][Ring1][N][C][C][=C][C][=C][C][=C][Ring1][=Branch1][C][=C][Ring2][Ring1][=Branch2],354.47700000000003,3.1577800000000016,31.470000000000002,1,2,5
CC(C)n1nnc2cc(S(=O)(=O)N(C)CC(=O)NCc3cccnc3)ccc21,1.3441,0.6456386960239999,2.425840089041362,2-[methyl-(1-propan-2-ylbenzotriazol-5-yl)sulfonylamino]-N-(pyridin-3-ylmethyl)acetamide,[C][C][Branch1][C][C][N][N][=N][C][=C][C][Branch2][Ring1][O][S][=Branch1][C][=O][=Branch1][C][=O][N][Branch1][C][C][C][C][=Branch1][C][=O][N][C][C][=C][C][=C][N][=C][Ring1][=Branch1][=C][C][=C][Ring2][Ring1][=Branch1][Ring2][Ring1][=Branch2],402.4800000000001,1.3441000000000003,110.08,1,7,7
C[C@@H](NC(=O)NCCc1ccn(-c2ccccc2)n1)c1ccncc1,2.8702,0.7218824404719999,2.6347469309105427,1-[2-(1-phenylpyrazol-3-yl)ethyl]-3-[(1R)-1-pyridin-4-ylethyl]urea,[C][C@@H1][Branch2][Ring1][#Branch2][N][C][=Branch1][C][=O][N][C][C][C][C][=C][N][Branch1][=Branch2][C][=C][C][=C][C][=C][Ring1][=Branch1][N][=Ring1][O][C][=C][C][=N][C][=C][Ring1][=Branch1],335.41100000000006,2.8702000000000014,71.84,2,4,6
Cc1cc(C(=O)NCCCn2nc(C)cc2C)c2c(C)nn(C)c2n1,2.21858,0.7244826704359999,2.3864164535679464,"N-[3-(3,5-dimethylpyrazol-1-yl)propyl]-1,3,6-trimethylpyrazolo[3,4-b]pyridine-4-carboxamide",[C][C][=C][C][Branch2][Ring1][Ring2][C][=Branch1][C][=O][N][C][C][C][N][N][=C][Branch1][C][C][C][=C][Ring1][=Branch1][C][=C][C][Branch1][C][C][=N][N][Branch1][C][C][C][Ring1][#Branch1][=N][Ring2][Ring1][Branch2],340.4310000000001,2.21858,77.63000000000001,1,6,5
Cc1nc2ccccc2c(=O)n1NC(=O)c1ccc([N+](=O)[O-])cc1,1.99702,0.5884601257450001,2.075416960132383,N-(2-methyl-4-oxoquinazolin-3-yl)-4-nitrobenzamide,[C][C][=N][C][=C][C][=C][C][=C][Ring1][=Branch1][C][=Branch1][C][=O][N][Ring1][O][N][C][=Branch1][C][=O][C][=C][C][=C][Branch1][=Branch1][N+1][=Branch1][C][=O][O-1][C][=C][Ring1][=Branch2],324.296,1.9970199999999998,107.13,1,6,3
Cc1ccc(N[C@@H]2CC(=O)N(c3cccc(O)c3)C2=O)c(C)c1,2.75304,0.85072470716,2.5761471708162684,"(3R)-3-(2,4-dimethylanilino)-1-(3-hydroxyphenyl)pyrrolidine-2,5-dione",[C][C][=C][C][=C][Branch2][Ring1][#Branch2][N][C@@H1][C][C][=Branch1][C][=O][N][Branch1][N][C][=C][C][=C][C][Branch1][C][O][=C][Ring1][#Branch1][C][Ring1][=N][=O][C][Branch1][C][C][=C][Ring2][Ring1][=Branch1],310.35300000000007,2.7530400000000013,69.64000000000001,2,4,3
COCCN1C(=O)c2ccc(C(=O)N[C@@H](C)c3ccccc3)cc2C1=O,2.42,0.8103613112549999,2.36245331907638,"2-(2-methoxyethyl)-1,3-dioxo-N-[(1S)-1-phenylethyl]isoindole-5-carboxamide",[C][O][C][C][N][C][=Branch1][C][=O][C][=C][C][=C][Branch2][Ring1][C][C][=Branch1][C][=O][N][C@@H1][Branch1][C][C][C][=C][C][=C][C][=C][Ring1][=Branch1][C][=C][Ring1][P][C][Ring2][Ring1][Branch1][=O],352.3900000000001,2.420000000000001,75.71000000000001,1,4,6
CC(=O)c1sc(NC(=O)c2ccccc2NS(=O)(=O)c2ccc(C)cc2)nc1C,4.01564,0.555486015859,2.088518575367379,"N-(5-acetyl-4-methyl-1,3-thiazol-2-yl)-2-[(4-methylphenyl)sulfonylamino]benzamide",[C][C][=Branch1][C][=O][C][S][C][Branch2][Ring1][P][N][C][=Branch1][C][=O][C][=C][C][=C][C][=C][Ring1][=Branch1][N][S][=Branch1][C][=O][=Branch1][C][=O][C][=C][C][=C][Branch1][C][C][C][=C][Ring1][#Branch1][=N][C][=Ring2][Ring1][=Branch2][C],429.5230000000002,4.015640000000003,105.23,2,6,6
C[C@@H]1CCc2c(sc3nc(CSc4n[nH]c(N)n4)[nH]c(=O)c23)C1,2.102,0.627263520161,3.247624662075012,"(7R)-2-[(5-amino-1H-1,2,4-triazol-3-yl)sulfanylmethyl]-7-methyl-5,6,7,8-tetrahydro-3H-[1]benzothiolo[2,3-d]pyrimidin-4-one",[C][C@@H1][C][C][C][=C][Branch2][Ring1][=C][S][C][N][=C][Branch1][=N][C][S][C][=N][NH1][C][Branch1][C][N][=N][Ring1][=Branch1][NH1][C][=Branch1][C][=O][C][Ring2][Ring1][C][=Ring1][#C][C][Ring2][Ring1][=Branch1],348.4570000000001,2.1019999999999994,113.34,3,7,3
Cn1c(=O)c2sccc2n2c(C[NH+](C)CCCc3ccccc3)nnc12,1.2902,0.564368067235,3.755126406536865,"methyl-[(8-methyl-7-oxo-5-thia-1,8,10,11-tetrazatricyclo[7.3.0.02,6]dodeca-2(6),3,9,11-tetraen-12-yl)methyl]-(3-phenylpropyl)azanium",[C][N][C][=Branch1][C][=O][C][S][C][=C][C][=Ring1][Branch1][N][C][Branch1][P][C][NH1+1][Branch1][C][C][C][C][C][C][=C][C][=C][C][=C][Ring1][=Branch1][=N][N][=C][Ring2][Ring1][=Branch2][Ring1][P],368.486,1.290199999999999,56.63,1,6,6
Cc1nnnn1CC(=O)N1CC[C@](C)(O)[C@H](C)C1,-0.3990800000000001,0.8038881481290001,3.5365029403761263,"1-[(3R,4S)-4-hydroxy-3,4-dimethylpiperidin-1-yl]-2-(5-methyltetrazol-1-yl)ethanone",[C][C][=N][N][=N][N][Ring1][Branch1][C][C][=Branch1][C][=O][N][C][C][C@][Branch1][C][C][Branch1][C][O][C@H1][Branch1][C][C][C][Ring1][=Branch2],253.30599999999995,-0.3990800000000001,84.14,1,6,2
COc1ccc(-c2nc(C(=O)N[C@H](C)c3ccc(F)c(F)c3)cs2)cc1,4.5879,0.679375769452,2.4612939934704805,"N-[(1R)-1-(3,4-difluorophenyl)ethyl]-2-(4-methoxyphenyl)-1,3-thiazole-4-carboxamide",[C][O][C][=C][C][=C][Branch2][Ring2][Ring1][C][=N][C][Branch2][Ring1][Branch2][C][=Branch1][C][=O][N][C@H1][Branch1][C][C][C][=C][C][=C][Branch1][C][F][C][Branch1][C][F][=C][Ring1][Branch2][=C][S][Ring2][Ring1][C][C][=C][Ring2][Ring1][Branch2],374.41200000000003,4.587900000000003,51.22,1,4,5
CCN(CC)C(=O)c1ccccc1NC(=O)C(Cl)(Cl)Cl,3.4773,0.836474785229,2.1665062162912925,"N,N-diethyl-2-[(2,2,2-trichloroacetyl)amino]benzamide",[C][C][N][Branch1][Ring1][C][C][C][=Branch1][C][=O][C][=C][C][=C][C][=C][Ring1][=Branch1][N][C][=Branch1][C][=O][C][Branch1][C][Cl][Branch1][C][Cl][Cl],337.634,3.4773000000000023,49.410000000000004,1,2,4
COc1ccc(C(=O)N2C[C@@H](C(C)C)Nc3ccccc32)nn1,2.5821,0.940960777161,3.062770181171299,"(6-methoxypyridazin-3-yl)-[(3R)-3-propan-2-yl-3,4-dihydro-2H-quinoxalin-1-yl]methanone",[C][O][C][=C][C][=C][Branch2][Ring1][#Branch2][C][=Branch1][C][=O][N][C][C@@H1][Branch1][=Branch1][C][Branch1][C][C][C][N][C][=C][C][=C][C][=C][Ring1][=Branch1][Ring1][=N][N][=N][Ring2][Ring1][Branch1],312.37300000000005,2.5821000000000005,67.35,1,5,3
COc1ccc(-c2nc(CNC(=O)c3ccccc3Cl)no2)cc1,3.3286,0.754598504674,1.9127465163646,"2-chloro-N-[[5-(4-methoxyphenyl)-1,2,4-oxadiazol-3-yl]methyl]benzamide",[C][O][C][=C][C][=C][Branch2][Ring1][=Branch2][C][=N][C][Branch1][S][C][N][C][=Branch1][C][=O][C][=C][C][=C][C][=C][Ring1][=Branch1][Cl][=N][O][Ring1][S][C][=C][Ring2][Ring1][=Branch1],343.77000000000004,3.3286000000000016,77.25,1,5,5
C/C=C/C(=O)N1Cc2nn(-c3cccc(C)c3)c(-n3cccc3)c2C1,3.38972,0.6765694235780001,2.8552743130997205,"(E)-1-[2-(3-methylphenyl)-3-pyrrol-1-yl-4,6-dihydropyrrolo[3,4-c]pyrazol-5-yl]but-2-en-1-one",[C][/C][=C][/C][=Branch1][C][=O][N][C][C][=N][N][Branch1][N][C][=C][C][=C][C][Branch1][C][C][=C][Ring1][#Branch1][C][Branch1][Branch2][N][C][=C][C][=C][Ring1][Branch1][=C][Ring1][P][C][Ring2][Ring1][Ring2],332.4070000000001,3.3897200000000023,43.06,0,4,3
C[NH+](CC(=O)Nc1ccccc1C(F)(F)F)Cc1ccc(Br)cc1,3.1213,0.7817808950599999,3.372420490293992,(4-bromophenyl)methyl-methyl-[2-oxo-2-[2-(trifluoromethyl)anilino]ethyl]azanium,[C][NH1+1][Branch2][Ring1][#Branch1][C][C][=Branch1][C][=O][N][C][=C][C][=C][C][=C][Ring1][=Branch1][C][Branch1][C][F][Branch1][C][F][F][C][C][=C][C][=C][Branch1][C][Br][C][=C][Ring1][#Branch1],402.234,3.1213000000000024,33.54,2,1,5
CC(C)Cc1nnc(NC(=O)c2ccc(/C=C3/SC(=S)N(C)C3=O)cc2)s1,3.8199,0.569537121543,2.455319192607252,"4-[(E)-(3-methyl-4-oxo-2-sulfanylidene-1,3-thiazolidin-5-ylidene)methyl]-N-[5-(2-methylpropyl)-1,3,4-thiadiazol-2-yl]benzamide",[C][C][Branch1][C][C][C][C][=N][N][=C][Branch2][Ring1][#C][N][C][=Branch1][C][=O][C][=C][C][=C][Branch1][S][/C][=C][/S][C][=Branch1][C][=S][N][Branch1][C][C][C][Ring1][#Branch1][=O][C][=C][Ring1][#C][S][Ring2][Ring1][#Branch1],418.56900000000013,3.8199000000000023,75.19,1,7,5
C[C@@H](CNC(=O)Cc1cnn(-c2ccccc2)c1)c1ccccc1,3.3347,0.74351028933,2.4031996111731133,N-[(2R)-2-phenylpropyl]-2-(1-phenylpyrazol-4-yl)acetamide,[C][C@@H1][Branch2][Ring1][=Branch2][C][N][C][=Branch1][C][=O][C][C][C][=N][N][Branch1][=Branch2][C][=C][C][=C][C][=C][Ring1][=Branch1][C][=Ring1][O][C][=C][C][=C][C][=C][Ring1][=Branch1],319.408,3.3347000000000016,46.92,1,3,6
CCNC(=O)[C@H]1O[C@@H](n2cnc3c(N)ncnc32)[C@@H](O)[C@@H]1O,-1.8362,0.548849189704,3.654957486771812,"(2S,3S,4S,5R)-5-(6-aminopurin-9-yl)-N-ethyl-3,4-dihydroxyoxolane-2-carboxamide",[C][C][N][C][=Branch1][C][=O][C@H1][O][C@@H1][Branch1][P][N][C][=N][C][=C][Branch1][C][N][N][=C][N][=C][Ring1][#Branch1][Ring1][#Branch2][C@@H1][Branch1][C][O][C@@H1][Ring1][S][O],308.298,-1.8361999999999987,148.41,4,9,3
CC(C)CN(C)C(=O)c1cc2ccccc2c(Cl)n1,3.6162,0.781971499339,2.2150794168972983,1-chloro-N-methyl-N-(2-methylpropyl)isoquinoline-3-carboxamide,[C][C][Branch1][C][C][C][N][Branch1][C][C][C][=Branch1][C][=O][C][=C][C][=C][C][=C][C][=C][Ring1][=Branch1][C][Branch1][C][Cl][=N][Ring1][O],276.767,3.6162000000000027,33.2,0,2,3
COc1ccc(-c2nnc(-c3cc4ccccc4[nH]3)s2)cc1,4.362,0.585736233718,2.154223238843562,"2-(1H-indol-2-yl)-5-(4-methoxyphenyl)-1,3,4-thiadiazole",[C][O][C][=C][C][=C][Branch2][Ring1][#Branch1][C][=N][N][=C][Branch1][=C][C][=C][C][=C][C][=C][C][=C][Ring1][=Branch1][NH1][Ring1][=Branch2][S][Ring1][=C][C][=C][Ring2][Ring1][Ring2],307.37800000000004,4.362000000000002,50.800000000000004,1,4,3
CCOc1cc2c(cc1CNC(=O)c1ccccc1C)O[C@@H](C)C2,3.64712,0.888609232506,2.5252557844116392,"N-[[(2S)-5-ethoxy-2-methyl-2,3-dihydro-1-benzofuran-6-yl]methyl]-2-methylbenzamide",[C][C][O][C][=C][C][=C][Branch2][Ring1][Ring2][C][=C][Ring1][=Branch1][C][N][C][=Branch1][C][=O][C][=C][C][=C][C][=C][Ring1][=Branch1][C][O][C@@H1][Branch1][C][C][C][Ring2][Ring1][Ring1],325.4080000000001,3.647120000000002,47.56,1,3,5
CSc1ccc(C[NH+](CCO)Cc2ccc(C#CC(C)(C)O)s2)cc1,2.1698,0.514293231589,4.224887713689409,2-hydroxyethyl-[[5-(3-hydroxy-3-methylbut-1-ynyl)thiophen-2-yl]methyl]-[(4-methylsulfanylphenyl)methyl]azanium,[C][S][C][=C][C][=C][Branch2][Ring1][N][C][NH1+1][Branch1][Ring2][C][C][O][C][C][=C][C][=C][Branch1][O][C][#C][C][Branch1][C][C][Branch1][C][C][O][S][Ring1][O][C][=C][Ring2][Ring1][#Branch1],376.56700000000006,2.1698000000000004,44.900000000000006,3,4,7
COc1ccc(/C=N/Nc2ccccc2[N+](=O)[O-])cc1OC,3.0580000000000003,0.497350500506,1.9526786921743504,"N-[(E)-(3,4-dimethoxyphenyl)methylideneamino]-2-nitroaniline",[C][O][C][=C][C][=C][Branch1][P][/C][=N][/N][C][=C][C][=C][C][=C][Ring1][=Branch1][N+1][=Branch1][C][=O][O-1][C][=C][Ring2][Ring1][C][O][C],301.3020000000001,3.0580000000000016,85.99,1,6,6
Cc1ccc(-n2nnn(CN(CCC#N)CCC#N)c2=S)cc1C,2.50199,0.718385656577,2.9048284411886414,"3-[2-cyanoethyl-[[4-(3,4-dimethylphenyl)-5-sulfanylidenetetrazol-1-yl]methyl]amino]propanenitrile",[C][C][=C][C][=C][Branch2][Ring1][#Branch1][N][N][=N][N][Branch1][=N][C][N][Branch1][Branch1][C][C][C][#N][C][C][C][#N][C][Ring1][#C][=S][C][=C][Ring2][Ring1][=Branch1][C],341.4440000000001,2.501990000000001,86.46000000000001,0,8,7
CC(C)C(=O)Nc1ccc(N2CCN(C(=O)c3cccc(F)c3)CC2)c(C(=O)N2CCCC2)c1,3.6186,0.71199159056,2.182335900115324,N-[4-[4-(3-fluorobenzoyl)piperazin-1-yl]-3-(pyrrolidine-1-carbonyl)phenyl]-2-methylpropanamide,[C][C][Branch1][C][C][C][=Branch1][C][=O][N][C][=C][C][=C][Branch2][Ring1][#Branch2][N][C][C][N][Branch1][S][C][=Branch1][C][=O][C][=C][C][=C][C][Branch1][C][F][=C][Ring1][#Branch1][C][C][Ring1][#C][C][Branch1][N][C][=Branch1][C][=O][N][C][C][C][C][Ring1][Branch1][=C][Ring2][Ring1][N],466.5570000000003,3.6186000000000034,72.96,1,4,5
O=C(/C=C/c1cccnc1)Nc1ccc(C(=O)Nc2nccs2)cc1,3.4423,0.676008429955,2.1063741023515643,"4-[[(E)-3-pyridin-3-ylprop-2-enoyl]amino]-N-(1,3-thiazol-2-yl)benzamide",[O][=C][Branch1][O][/C][=C][/C][=C][C][=C][N][=C][Ring1][=Branch1][N][C][=C][C][=C][Branch1][=N][C][=Branch1][C][=O][N][C][=N][C][=C][S][Ring1][Branch1][C][=C][Ring1][=C],350.403,3.4423000000000012,83.98,2,5,5
COC(=O)c1ccc(F)c(NC(=O)c2cc(C)[nH]c2C)c1,2.80954,0.8482938528120001,2.0861148754928984,"methyl 3-[(2,5-dimethyl-1H-pyrrole-3-carbonyl)amino]-4-fluorobenzoate",[C][O][C][=Branch1][C][=O][C][=C][C][=C][Branch1][C][F][C][Branch1][P][N][C][=Branch1][C][=O][C][C][=C][Branch1][C][C][NH1][C][=Ring1][=Branch1][C][=C][Ring1][P],290.29400000000004,2.809540000000001,71.19,2,3,3
